{
  "trial_number": 0,
  "params": {
    "neat_initial_connectivity": "sparse_inputs",
    "neat_add_connection_rate": 0.1358102522433401,
    "neat_add_node_rate": 0.055238410897498764,
    "neat_enable_rate": 0.005808361216819946,
    "neat_disable_rate": 0.08661761457749352,
    "neat_max_hidden_nodes": 32,
    "weight_mutation_rate": 0.789439917787825,
    "weight_mutation_magnitude": 0.11440914600706172,
    "compatibility_threshold": 4.879639408647977,
    "neat_excess_coefficient": 1.7486639612006325,
    "neat_disjoint_coefficient": 0.8185086660174142,
    "neat_weight_coefficient": 0.26364247048639056,
    "min_species_size": 1,
    "mutation_rate": 0.25212112147976884,
    "mutation_magnitude": 0.30990257265289517,
    "cull_percentage": 0.5159725093210579,
    "use_crossover": true,
    "crossover_rate": 0.3747374841188252,
    "use_proprioception": true,
    "proprioception_inputs": "ground",
    "min_nodes": 3,
    "max_nodes": 9,
    "max_muscles": 15,
    "time_encoding": "sin_raw",
    "bias_mode": "node",
    "neural_dead_zone": 0.06092275383467414,
    "neural_output_bias": -0.45116394299680807,
    "use_adaptive_mutation": true,
    "stagnation_threshold": 12,
    "adaptive_mutation_boost": 2.242765365166905
  },
  "best_fitness_per_seed": [
    21.447723388671875
  ],
  "avg_fitness_per_seed": [
    2.4982811992367107
  ],
  "mean_best_fitness": 21.447723388671875,
  "mean_avg_fitness": 2.4982811992367107,
  "generations": 10,
  "seeds": [
    42
  ]
}