{
  "trial_number": 0,
  "params": {
    "neat_initial_connectivity": "sparse_inputs",
    "neat_add_connection_rate": 0.1358102522433401,
    "neat_add_node_rate": 0.055238410897498764,
    "neat_enable_rate": 0.005808361216819946,
    "neat_disable_rate": 0.08661761457749352,
    "neat_max_hidden_nodes": 32,
    "weight_mutation_rate": 0.789439917787825,
    "weight_mutation_magnitude": 0.11440914600706172,
    "compatibility_threshold": 4.879639408647977,
    "neat_excess_coefficient": 1.7486639612006325,
    "neat_disjoint_coefficient": 0.8185086660174142,
    "neat_weight_coefficient": 0.26364247048639056,
    "min_species_size": 1,
    "mutation_rate": 0.25212112147976884,
    "mutation_magnitude": 0.30990257265289517,
    "cull_percentage": 0.5159725093210579,
    "use_crossover": false,
    "crossover_rate": 0.0,
    "use_proprioception": false,
    "min_nodes": 3,
    "max_nodes": 8,
    "max_muscles": 18,
    "bias_mode": "bias_node",
    "neural_dead_zone": 0.1184829137724085,
    "neural_output_bias": -0.47677479364000114,
    "use_adaptive_mutation": true,
    "stagnation_threshold": 11,
    "adaptive_mutation_boost": 2.9233283058799997
  },
  "best_fitness_per_seed": [
    20.448213577270508
  ],
  "avg_fitness_per_seed": [
    1.1532198879122735
  ],
  "mean_best_fitness": 20.448213577270508,
  "mean_avg_fitness": 1.1532198879122735,
  "generations": 3,
  "seeds": [
    42
  ]
}