{
  "trial_number": 0,
  "params": {
    "neat_initial_connectivity": "sparse_inputs",
    "neat_add_connection_rate": 0.1358102522433401,
    "neat_add_node_rate": 0.055238410897498764,
    "neat_enable_rate": 0.005808361216819946,
    "neat_disable_rate": 0.08661761457749352,
    "neat_max_hidden_nodes": 32,
    "weight_mutation_rate": 0.789439917787825,
    "weight_mutation_magnitude": 0.11440914600706172,
    "compatibility_threshold": 4.879639408647977,
    "neat_excess_coefficient": 1.7486639612006325,
    "neat_disjoint_coefficient": 0.8185086660174142,
    "neat_weight_coefficient": 0.26364247048639056,
    "min_species_size": 1,
    "mutation_rate": 0.25212112147976884,
    "mutation_magnitude": 0.30990257265289517,
    "population_size": 250,
    "cull_percentage": 0.44561457009902095,
    "use_crossover": true,
    "crossover_rate": 0.37528678912113095,
    "use_proprioception": false,
    "min_nodes": 4,
    "max_nodes": 6,
    "max_muscles": 14,
    "bias_mode": "node",
    "neural_dead_zone": 0.12150897038028768,
    "neural_output_bias": -0.41473793815635424,
    "use_adaptive_mutation": false
  },
  "best_fitness_per_seed": [
    67.57667541503906
  ],
  "avg_fitness_per_seed": [
    1.2652128318548201
  ],
  "mean_best_fitness": 67.57667541503906,
  "mean_avg_fitness": 1.2652128318548201,
  "generations": 5,
  "seeds": [
    42
  ]
}