{
  "trial_number": 2,
  "params": {
    "neat_initial_connectivity": "full",
    "neat_add_connection_rate": 0.49850378565015874,
    "neat_add_node_rate": 0.21498862971580895,
    "neat_enable_rate": 0.07290071680409874,
    "neat_disable_rate": 0.07712703466859458,
    "neat_max_hidden_nodes": 11,
    "weight_mutation_rate": 0.5971561506993499,
    "weight_mutation_magnitude": 0.18110834166759082,
    "compatibility_threshold": 4.4524137035023745,
    "neat_excess_coefficient": 1.4349471902413369,
    "neat_disjoint_coefficient": 0.9963470372789738,
    "neat_weight_coefficient": 0.15720251525742127,
    "min_species_size": 2,
    "mutation_rate": 0.2625916610133735,
    "mutation_magnitude": 0.39184247133522565,
    "population_size": 350,
    "cull_percentage": 0.7436063712881633,
    "use_crossover": true,
    "crossover_rate": 0.6279468723337971,
    "use_proprioception": true,
    "proprioception_inputs": "all",
    "min_nodes": 3,
    "max_nodes": 5,
    "max_muscles": 9,
    "bias_mode": "bias_node",
    "neural_dead_zone": 0.06287119621526534,
    "neural_output_bias": -0.24571465441764861,
    "use_adaptive_mutation": true,
    "stagnation_threshold": 18,
    "adaptive_mutation_boost": 2.633326707814573
  },
  "best_fitness_per_seed": [
    37.34601974487305
  ],
  "avg_fitness_per_seed": [
    0.8821162221687181
  ],
  "mean_best_fitness": 37.34601974487305,
  "mean_avg_fitness": 0.8821162221687181,
  "generations": 5,
  "seeds": [
    42
  ]
}