{
  "trial_number": 1,
  "params": {
    "neat_initial_connectivity": "full",
    "neat_add_connection_rate": 0.42632816458168626,
    "neat_add_node_rate": 0.13764422318448438,
    "neat_enable_rate": 0.012203823484477884,
    "neat_disable_rate": 0.04951769101112702,
    "neat_max_hidden_nodes": 9,
    "weight_mutation_rate": 0.9001262211433301,
    "weight_mutation_magnitude": 0.2811459871200119,
    "compatibility_threshold": 3.650089137415928,
    "neat_excess_coefficient": 0.9675666141341164,
    "neat_disjoint_coefficient": 1.2801020317667162,
    "neat_weight_coefficient": 0.5920392514089517,
    "min_species_size": 1,
    "mutation_rate": 0.5847923138822793,
    "mutation_magnitude": 0.4100531293444458,
    "population_size": 500,
    "cull_percentage": 0.7474136752138244,
    "use_crossover": false,
    "crossover_rate": 0.0,
    "use_proprioception": false,
    "min_nodes": 3,
    "max_nodes": 7,
    "max_muscles": 13,
    "bias_mode": "bias_node",
    "neural_dead_zone": 0.07135066533871785,
    "neural_output_bias": -0.3595327451563096,
    "use_adaptive_mutation": true,
    "stagnation_threshold": 26,
    "adaptive_mutation_boost": 1.6118259655196563
  },
  "best_fitness_per_seed": [
    61.28593444824219
  ],
  "avg_fitness_per_seed": [
    2.344761041224003
  ],
  "mean_best_fitness": 61.28593444824219,
  "mean_avg_fitness": 2.344761041224003,
  "generations": 5,
  "seeds": [
    42
  ]
}