{
  "trial_id": 67,
  "params": {
    "neat_initial_connectivity": "sparse_inputs",
    "neat_add_connection_rate": 0.38731895410223827,
    "neat_add_node_rate": 0.05227131679890345,
    "neat_enable_rate": 0.047014028311244675,
    "neat_disable_rate": 0.058810791697244236,
    "neat_max_hidden_nodes": 44,
    "weight_mutation_rate": 0.8366131390764002,
    "weight_mutation_magnitude": 0.5783432550233383,
    "compatibility_threshold": 4.3104245487082125,
    "neat_excess_coefficient": 1.172860294990393,
    "neat_disjoint_coefficient": 0.536180409046763,
    "neat_weight_coefficient": 0.2152428164844744,
    "min_species_size": 4,
    "mutation_rate": 0.5594793863145643,
    "mutation_magnitude": 0.15784485604496723,
    "cull_percentage": 0.6981992982292273,
    "use_crossover": true,
    "crossover_rate": 0.5155091672373113,
    "use_proprioception": false,
    "min_nodes": 4,
    "max_nodes": 7,
    "max_muscles": 15,
    "time_encoding": "raw",
    "bias_mode": "bias_node",
    "neural_dead_zone": 0.10063945714605714,
    "neural_output_bias": -0.28255097245337285,
    "use_adaptive_mutation": true,
    "stagnation_threshold": 10,
    "adaptive_mutation_boost": 2.570724943997032
  },
  "best_fitness_per_seed": [
    309.5933837890625
  ],
  "avg_fitness_per_seed": [
    18.0234569678766
  ],
  "mean_best_fitness": 309.5933837890625,
  "mean_avg_fitness": 18.0234569678766
}