{
  "trial_id": 7,
  "params": {
    "neat_initial_connectivity": "sparse_outputs",
    "neat_add_connection_rate": 0.3813387679084983,
    "neat_add_node_rate": 0.20288192187905452,
    "neat_enable_rate": 0.009936266286820162,
    "neat_disable_rate": 0.06633383023952931,
    "neat_max_hidden_nodes": 36,
    "weight_mutation_rate": 0.7734979110495324,
    "weight_mutation_magnitude": 0.711483415498378,
    "compatibility_threshold": 2.9868760124235028,
    "neat_excess_coefficient": 0.6933323291592607,
    "neat_disjoint_coefficient": 1.4402926891690382,
    "neat_weight_coefficient": 0.9644489421139106,
    "min_species_size": 3,
    "mutation_rate": 0.29657621317200844,
    "mutation_magnitude": 0.12667666479313341,
    "cull_percentage": 0.4062954050316896,
    "use_crossover": true,
    "crossover_rate": 0.7432972961100164,
    "use_proprioception": false,
    "min_nodes": 4,
    "max_nodes": 12,
    "max_muscles": 14,
    "time_encoding": "raw",
    "bias_mode": "bias_node",
    "neural_dead_zone": 0.029974603369253196,
    "neural_output_bias": -0.28730381731358046,
    "use_adaptive_mutation": false
  },
  "best_fitness_per_seed": [
    226.75071716308594
  ],
  "avg_fitness_per_seed": [
    22.008998054998617
  ],
  "mean_best_fitness": 226.75071716308594,
  "mean_avg_fitness": 22.008998054998617
}