{
  "trial_id": 127,
  "params": {
    "neat_initial_connectivity": "full",
    "neat_add_connection_rate": 0.46103944439140615,
    "neat_add_node_rate": 0.14984923633730904,
    "neat_enable_rate": 0.03149829676340642,
    "neat_disable_rate": 0.04598041618338533,
    "neat_max_hidden_nodes": 45,
    "weight_mutation_rate": 0.6015676898664334,
    "weight_mutation_magnitude": 0.12402109282121783,
    "compatibility_threshold": 3.6051541220684764,
    "neat_excess_coefficient": 1.3500106616037255,
    "neat_disjoint_coefficient": 1.6861036527203968,
    "neat_weight_coefficient": 0.9559596068720145,
    "min_species_size": 2,
    "mutation_rate": 0.10794266255868365,
    "mutation_magnitude": 0.34902024496013606,
    "cull_percentage": 0.43954140263702796,
    "use_crossover": true,
    "crossover_rate": 0.476381954659153,
    "use_proprioception": true,
    "proprioception_inputs": "velocity",
    "min_nodes": 4,
    "max_nodes": 9,
    "max_muscles": 17,
    "time_encoding": "none",
    "bias_mode": "node",
    "neural_dead_zone": 0.19235325445696974,
    "neural_output_bias": -0.39086152042634414,
    "use_adaptive_mutation": true,
    "stagnation_threshold": 23,
    "adaptive_mutation_boost": 1.5680090882493851
  },
  "best_fitness_per_seed": [
    103.21627807617188
  ],
  "avg_fitness_per_seed": [
    23.745756557285787
  ],
  "mean_best_fitness": 103.21627807617188,
  "mean_avg_fitness": 23.745756557285787
}