{
  "trial_id": 0,
  "params": {
    "neat_initial_connectivity": "sparse_outputs",
    "neat_add_connection_rate": 0.5979309924820104,
    "neat_add_node_rate": 0.15443805699213442,
    "neat_enable_rate": 0.06633690898712719,
    "neat_disable_rate": 0.027372439466444222,
    "neat_max_hidden_nodes": 13,
    "weight_mutation_rate": 0.7035286372419245,
    "weight_mutation_magnitude": 0.5421257871582897,
    "compatibility_threshold": 4.636100433613078,
    "neat_excess_coefficient": 1.6299831574678165,
    "neat_disjoint_coefficient": 1.0174934473572712,
    "neat_weight_coefficient": 0.5468843391636143,
    "min_species_size": 5,
    "mutation_rate": 0.11618476113536316,
    "mutation_magnitude": 0.24217116880239248,
    "cull_percentage": 0.3672082691853002,
    "use_crossover": true,
    "crossover_rate": 0.42020066508470294,
    "use_proprioception": false,
    "min_nodes": 4,
    "max_nodes": 5,
    "max_muscles": 13,
    "time_encoding": "none",
    "bias_mode": "node",
    "neural_dead_zone": 0.06812029696746728,
    "neural_output_bias": -0.3395939937404435,
    "use_adaptive_mutation": true,
    "stagnation_threshold": 20,
    "adaptive_mutation_boost": 1.6631779327621419
  },
  "best_fitness_per_seed": [
    97.74976348876953
  ],
  "avg_fitness_per_seed": [
    20.0201413166523
  ],
  "mean_best_fitness": 97.74976348876953,
  "mean_avg_fitness": 20.0201413166523
}