{
  "trial_id": 11,
  "params": {
    "neat_initial_connectivity": "full",
    "neat_add_connection_rate": 0.3383984103891061,
    "neat_add_node_rate": 0.25326698417904175,
    "neat_enable_rate": 0.0743047462141272,
    "neat_disable_rate": 0.06186374629736111,
    "neat_max_hidden_nodes": 47,
    "weight_mutation_rate": 0.9278767867829287,
    "weight_mutation_magnitude": 0.6166781321424205,
    "compatibility_threshold": 3.5001803440068486,
    "neat_excess_coefficient": 1.163535943056604,
    "neat_disjoint_coefficient": 0.7727401644636007,
    "neat_weight_coefficient": 0.800894529781231,
    "min_species_size": 5,
    "mutation_rate": 0.347680485804173,
    "mutation_magnitude": 0.33263843956226413,
    "cull_percentage": 0.7409704828253545,
    "use_crossover": true,
    "crossover_rate": 0.4343089957577178,
    "use_proprioception": true,
    "proprioception_inputs": "velocity",
    "min_nodes": 4,
    "max_nodes": 5,
    "max_muscles": 10,
    "time_encoding": "none",
    "bias_mode": "node",
    "neural_dead_zone": 0.09546176691844697,
    "neural_output_bias": -0.09247522857611412,
    "use_adaptive_mutation": false
  },
  "best_fitness_per_seed": [
    256.7763366699219
  ],
  "avg_fitness_per_seed": [
    16.40943429244061
  ],
  "mean_best_fitness": 256.7763366699219,
  "mean_avg_fitness": 16.40943429244061
}