{
  "trial_id": 133,
  "params": {
    "neat_initial_connectivity": "none",
    "neat_add_connection_rate": 0.34818277529403413,
    "neat_add_node_rate": 0.27153059652815786,
    "neat_enable_rate": 0.08514522672608521,
    "neat_disable_rate": 0.0658345024894395,
    "neat_max_hidden_nodes": 20,
    "weight_mutation_rate": 0.6999484714447182,
    "weight_mutation_magnitude": 0.4057207001927188,
    "compatibility_threshold": 1.9939601942662435,
    "neat_excess_coefficient": 1.3036733111188656,
    "neat_disjoint_coefficient": 0.7536364639884081,
    "neat_weight_coefficient": 0.651247222622992,
    "min_species_size": 5,
    "mutation_rate": 0.30838413612856985,
    "mutation_magnitude": 0.429810737937531,
    "cull_percentage": 0.7466649766630411,
    "use_crossover": true,
    "crossover_rate": 0.5415184247191358,
    "use_proprioception": false,
    "min_nodes": 4,
    "max_nodes": 9,
    "max_muscles": 17,
    "time_encoding": "none",
    "bias_mode": "node",
    "neural_dead_zone": 0.1373139179046113,
    "neural_output_bias": -0.16060061744365245,
    "use_adaptive_mutation": true,
    "stagnation_threshold": 29,
    "adaptive_mutation_boost": 2.5647195166855643
  },
  "best_fitness_per_seed": [
    334.9903869628906
  ],
  "avg_fitness_per_seed": [
    12.14005371871094
  ],
  "mean_best_fitness": 334.9903869628906,
  "mean_avg_fitness": 12.14005371871094
}