{
  "trial_id": 92,
  "params": {
    "neat_initial_connectivity": "full",
    "neat_add_connection_rate": 0.14455372029326563,
    "neat_add_node_rate": 0.0785404320439767,
    "neat_enable_rate": 0.03837715711159918,
    "neat_disable_rate": 0.06023283802908315,
    "neat_max_hidden_nodes": 40,
    "weight_mutation_rate": 0.41430854000140444,
    "weight_mutation_magnitude": 0.35370393502967057,
    "compatibility_threshold": 3.3200964377560265,
    "neat_excess_coefficient": 1.2403044059075365,
    "neat_disjoint_coefficient": 0.5503983362539479,
    "neat_weight_coefficient": 0.6348697908435924,
    "min_species_size": 3,
    "mutation_rate": 0.5951379684397118,
    "mutation_magnitude": 0.18594966121015855,
    "cull_percentage": 0.7483499316865165,
    "use_crossover": true,
    "crossover_rate": 0.22933212639750905,
    "use_proprioception": true,
    "proprioception_inputs": "strain",
    "min_nodes": 4,
    "max_nodes": 9,
    "max_muscles": 12,
    "time_encoding": "raw",
    "bias_mode": "node",
    "neural_dead_zone": 0.017581512199798532,
    "neural_output_bias": -0.25346846565310543,
    "use_adaptive_mutation": true,
    "stagnation_threshold": 25,
    "adaptive_mutation_boost": 2.6882755021483153
  },
  "best_fitness_per_seed": [
    324.93328857421875
  ],
  "avg_fitness_per_seed": [
    22.5236602542301
  ],
  "mean_best_fitness": 324.93328857421875,
  "mean_avg_fitness": 22.5236602542301
}