{
  "trial_id": 4,
  "params": {
    "neat_initial_connectivity": "sparse_inputs",
    "neat_add_connection_rate": 0.13923988585789188,
    "neat_add_node_rate": 0.2702655131007613,
    "neat_enable_rate": 0.04291633174351,
    "neat_disable_rate": 0.0789924701346384,
    "neat_max_hidden_nodes": 12,
    "weight_mutation_rate": 0.8006835521681808,
    "weight_mutation_magnitude": 0.3560079519758942,
    "compatibility_threshold": 4.832605059085166,
    "neat_excess_coefficient": 1.0828375541642994,
    "neat_disjoint_coefficient": 1.8362145086508854,
    "neat_weight_coefficient": 0.26278599062029806,
    "min_species_size": 5,
    "mutation_rate": 0.5664728829017448,
    "mutation_magnitude": 0.21875237874760678,
    "cull_percentage": 0.6263051080744684,
    "use_crossover": true,
    "crossover_rate": 0.30849994489144583,
    "use_proprioception": false,
    "min_nodes": 4,
    "max_nodes": 6,
    "max_muscles": 13,
    "time_encoding": "cyclic",
    "bias_mode": "bias_node",
    "neural_dead_zone": 0.18507300355500197,
    "neural_output_bias": -0.40985792375773683,
    "use_adaptive_mutation": false
  },
  "best_fitness_per_seed": [
    201.04718017578125
  ],
  "avg_fitness_per_seed": [
    44.35199921081463
  ],
  "mean_best_fitness": 201.04718017578125,
  "mean_avg_fitness": 44.35199921081463
}