{
  "trial_id": 75,
  "params": {
    "neat_initial_connectivity": "sparse_inputs",
    "neat_add_connection_rate": 0.1924378780171317,
    "neat_add_node_rate": 0.06576781781257898,
    "neat_enable_rate": 0.06883569623022151,
    "neat_disable_rate": 0.09546393392210124,
    "neat_max_hidden_nodes": 37,
    "weight_mutation_rate": 0.8825775245960588,
    "weight_mutation_magnitude": 0.2855045168819554,
    "compatibility_threshold": 1.33235379542676,
    "neat_excess_coefficient": 0.9027470134823204,
    "neat_disjoint_coefficient": 0.9390501994578972,
    "neat_weight_coefficient": 0.9347964185864018,
    "min_species_size": 4,
    "mutation_rate": 0.3641509066236247,
    "mutation_magnitude": 0.23100590359547485,
    "cull_percentage": 0.4110064567189421,
    "use_crossover": true,
    "crossover_rate": 0.5985848379976867,
    "use_proprioception": false,
    "min_nodes": 4,
    "max_nodes": 9,
    "max_muscles": 18,
    "time_encoding": "cyclic",
    "bias_mode": "bias_node",
    "neural_dead_zone": 0.11163520859996381,
    "neural_output_bias": -0.32690542356250996,
    "use_adaptive_mutation": false
  },
  "best_fitness_per_seed": [
    246.98306274414062
  ],
  "avg_fitness_per_seed": [
    24.08236334649225
  ],
  "mean_best_fitness": 246.98306274414062,
  "mean_avg_fitness": 24.08236334649225
}