{
  "trial_id": 83,
  "params": {
    "neat_initial_connectivity": "sparse_outputs",
    "neat_add_connection_rate": 0.36638294540873706,
    "neat_add_node_rate": 0.13661541259414933,
    "neat_enable_rate": 0.07235220766840408,
    "neat_disable_rate": 0.04507984427667849,
    "neat_max_hidden_nodes": 33,
    "weight_mutation_rate": 0.4001036454021434,
    "weight_mutation_magnitude": 0.4384285658210314,
    "compatibility_threshold": 1.4634645071302073,
    "neat_excess_coefficient": 1.3077511074806119,
    "neat_disjoint_coefficient": 0.7594578802177171,
    "neat_weight_coefficient": 0.3871502045723142,
    "min_species_size": 3,
    "mutation_rate": 0.2644489915447661,
    "mutation_magnitude": 0.410768298080185,
    "cull_percentage": 0.30857687256772,
    "use_crossover": true,
    "crossover_rate": 0.6143111469525057,
    "use_proprioception": true,
    "proprioception_inputs": "strain",
    "min_nodes": 4,
    "max_nodes": 12,
    "max_muscles": 9,
    "time_encoding": "raw",
    "bias_mode": "node",
    "neural_dead_zone": 0.05730843615813024,
    "neural_output_bias": -0.41920190739377283,
    "use_adaptive_mutation": false
  },
  "best_fitness_per_seed": [
    445.7586975097656
  ],
  "avg_fitness_per_seed": [
    26.575080826878548
  ],
  "mean_best_fitness": 445.7586975097656,
  "mean_avg_fitness": 26.575080826878548
}