{
  "trial_id": 103,
  "params": {
    "neat_initial_connectivity": "none",
    "neat_add_connection_rate": 0.24519306320905776,
    "neat_add_node_rate": 0.09063056072698411,
    "neat_enable_rate": 0.01923499729528603,
    "neat_disable_rate": 0.08193250001753927,
    "neat_max_hidden_nodes": 29,
    "weight_mutation_rate": 0.4214285644435973,
    "weight_mutation_magnitude": 0.6777116139273576,
    "compatibility_threshold": 1.8669545066013669,
    "neat_excess_coefficient": 0.8874202624893927,
    "neat_disjoint_coefficient": 1.2239220602039809,
    "neat_weight_coefficient": 0.3251447805319456,
    "min_species_size": 3,
    "mutation_rate": 0.5409004116459929,
    "mutation_magnitude": 0.377531484213926,
    "cull_percentage": 0.694498479641938,
    "use_crossover": true,
    "crossover_rate": 0.3262247669987376,
    "use_proprioception": true,
    "proprioception_inputs": "all",
    "min_nodes": 4,
    "max_nodes": 12,
    "max_muscles": 19,
    "time_encoding": "sin_raw",
    "bias_mode": "bias_node",
    "neural_dead_zone": 0.0829125748660647,
    "neural_output_bias": -0.13092472967038088,
    "use_adaptive_mutation": false
  },
  "best_fitness_per_seed": [
    299.64019775390625
  ],
  "avg_fitness_per_seed": [
    16.488759358003737
  ],
  "mean_best_fitness": 299.64019775390625,
  "mean_avg_fitness": 16.488759358003737
}