{
  "trial_id": 24,
  "params": {
    "neat_initial_connectivity": "sparse_inputs",
    "neat_add_connection_rate": 0.581667974779146,
    "neat_add_node_rate": 0.16015506756140527,
    "neat_enable_rate": 0.03939985429902626,
    "neat_disable_rate": 0.061732154214276004,
    "neat_max_hidden_nodes": 14,
    "weight_mutation_rate": 0.8855443750904102,
    "weight_mutation_magnitude": 0.24795278225884193,
    "compatibility_threshold": 3.5089367215516067,
    "neat_excess_coefficient": 1.8044510781302174,
    "neat_disjoint_coefficient": 1.0414287400902276,
    "neat_weight_coefficient": 0.5429815909097852,
    "min_species_size": 3,
    "mutation_rate": 0.48008403503275576,
    "mutation_magnitude": 0.47919068687931,
    "cull_percentage": 0.4399882250336191,
    "use_crossover": true,
    "crossover_rate": 0.34504076891448576,
    "use_proprioception": true,
    "proprioception_inputs": "all",
    "min_nodes": 3,
    "max_nodes": 11,
    "max_muscles": 14,
    "time_encoding": "sin_raw",
    "bias_mode": "node",
    "neural_dead_zone": 0.023694472738527896,
    "neural_output_bias": -0.3683355924542199,
    "use_adaptive_mutation": false
  },
  "best_fitness_per_seed": [
    299.8456115722656
  ],
  "avg_fitness_per_seed": [
    21.013783761784435
  ],
  "mean_best_fitness": 299.8456115722656,
  "mean_avg_fitness": 21.013783761784435
}