{
  "trial_id": 18,
  "params": {
    "neat_initial_connectivity": "sparse_outputs",
    "neat_add_connection_rate": 0.5805975824062685,
    "neat_add_node_rate": 0.2510276932991246,
    "neat_enable_rate": 0.027553779779151036,
    "neat_disable_rate": 0.0437799743325894,
    "neat_max_hidden_nodes": 34,
    "weight_mutation_rate": 0.7436241679574305,
    "weight_mutation_magnitude": 0.24397506864727245,
    "compatibility_threshold": 1.1937770577412747,
    "neat_excess_coefficient": 1.766356981250353,
    "neat_disjoint_coefficient": 0.6079272196560206,
    "neat_weight_coefficient": 0.47837326997833296,
    "min_species_size": 3,
    "mutation_rate": 0.14242622442923317,
    "mutation_magnitude": 0.36978379679709483,
    "cull_percentage": 0.5602632305834985,
    "use_crossover": true,
    "crossover_rate": 0.4336289620974204,
    "use_proprioception": true,
    "proprioception_inputs": "all",
    "min_nodes": 4,
    "max_nodes": 7,
    "max_muscles": 9,
    "time_encoding": "none",
    "bias_mode": "node",
    "neural_dead_zone": 0.1381192932007698,
    "neural_output_bias": -0.18305636027583144,
    "use_adaptive_mutation": false
  },
  "best_fitness_per_seed": [
    228.9387969970703
  ],
  "avg_fitness_per_seed": [
    21.413049351548157
  ],
  "mean_best_fitness": 228.9387969970703,
  "mean_avg_fitness": 21.413049351548157
}