{
  "trial_id": 132,
  "params": {
    "neat_initial_connectivity": "full",
    "neat_add_connection_rate": 0.4861220374063432,
    "neat_add_node_rate": 0.12386228344831267,
    "neat_enable_rate": 0.04392116771528707,
    "neat_disable_rate": 0.02749521968636507,
    "neat_max_hidden_nodes": 13,
    "weight_mutation_rate": 0.9071565892705545,
    "weight_mutation_magnitude": 0.18667366802342245,
    "compatibility_threshold": 4.078385562012888,
    "neat_excess_coefficient": 0.5212483339148812,
    "neat_disjoint_coefficient": 1.2745509169744031,
    "neat_weight_coefficient": 0.10855773206405069,
    "min_species_size": 4,
    "mutation_rate": 0.20239124924879429,
    "mutation_magnitude": 0.22425125733932633,
    "cull_percentage": 0.675919470671748,
    "use_crossover": true,
    "crossover_rate": 0.5439994623906128,
    "use_proprioception": true,
    "proprioception_inputs": "all",
    "min_nodes": 3,
    "max_nodes": 8,
    "max_muscles": 16,
    "time_encoding": "sin_raw",
    "bias_mode": "bias_node",
    "neural_dead_zone": 0.18186218657729183,
    "neural_output_bias": -0.08617967225393885,
    "use_adaptive_mutation": false
  },
  "best_fitness_per_seed": [
    217.5281524658203
  ],
  "avg_fitness_per_seed": [
    24.181374475359917
  ],
  "mean_best_fitness": 217.5281524658203,
  "mean_avg_fitness": 24.181374475359917
}