{
  "trial_id": 9,
  "params": {
    "neat_initial_connectivity": "full",
    "neat_add_connection_rate": 0.2275520836016418,
    "neat_add_node_rate": 0.12667578058432327,
    "neat_enable_rate": 0.0988010194552707,
    "neat_disable_rate": 0.09217197174397898,
    "neat_max_hidden_nodes": 23,
    "weight_mutation_rate": 0.7233914380501137,
    "weight_mutation_magnitude": 0.3547629617671041,
    "compatibility_threshold": 4.185168636968513,
    "neat_excess_coefficient": 0.8249907633477596,
    "neat_disjoint_coefficient": 1.2499014548409662,
    "neat_weight_coefficient": 0.19818535395549666,
    "min_species_size": 5,
    "mutation_rate": 0.5409400418632776,
    "mutation_magnitude": 0.3578062006841284,
    "cull_percentage": 0.5919113893100056,
    "use_crossover": true,
    "crossover_rate": 0.35204340778424126,
    "use_proprioception": true,
    "proprioception_inputs": "strain",
    "min_nodes": 3,
    "max_nodes": 7,
    "max_muscles": 14,
    "time_encoding": "sin",
    "bias_mode": "node",
    "neural_dead_zone": 0.1448397299883359,
    "neural_output_bias": -0.3375035058268814,
    "use_adaptive_mutation": false
  },
  "best_fitness_per_seed": [
    199.83750915527344
  ],
  "avg_fitness_per_seed": [
    40.145377524395784
  ],
  "mean_best_fitness": 199.83750915527344,
  "mean_avg_fitness": 40.145377524395784
}