{
  "trial_id": 40,
  "params": {
    "neat_initial_connectivity": "sparse_outputs",
    "neat_add_connection_rate": 0.4629112485937447,
    "neat_add_node_rate": 0.1621926106535652,
    "neat_enable_rate": 0.034715444675168586,
    "neat_disable_rate": 0.02853262952205057,
    "neat_max_hidden_nodes": 16,
    "weight_mutation_rate": 0.7002614653491258,
    "weight_mutation_magnitude": 0.5708392891030151,
    "compatibility_threshold": 2.798762050591721,
    "neat_excess_coefficient": 1.8644767325747595,
    "neat_disjoint_coefficient": 1.3824242547742627,
    "neat_weight_coefficient": 0.6650575687977179,
    "min_species_size": 2,
    "mutation_rate": 0.33916591703782817,
    "mutation_magnitude": 0.4190919248394397,
    "cull_percentage": 0.7802185405244437,
    "use_crossover": true,
    "crossover_rate": 0.7196649163577558,
    "use_proprioception": true,
    "proprioception_inputs": "velocity",
    "min_nodes": 4,
    "max_nodes": 6,
    "max_muscles": 17,
    "time_encoding": "sin_raw",
    "bias_mode": "node",
    "neural_dead_zone": 0.18020270368799238,
    "neural_output_bias": -0.022262922423596565,
    "use_adaptive_mutation": true,
    "stagnation_threshold": 15,
    "adaptive_mutation_boost": 2.1012583631605137
  },
  "best_fitness_per_seed": [
    199.8798370361328
  ],
  "avg_fitness_per_seed": [
    14.970569289711614
  ],
  "mean_best_fitness": 199.8798370361328,
  "mean_avg_fitness": 14.970569289711614
}