{
  "trial_id": 20,
  "params": {
    "neat_initial_connectivity": "sparse_inputs",
    "neat_add_connection_rate": 0.32192914900989356,
    "neat_add_node_rate": 0.09970375722195081,
    "neat_enable_rate": 0.03805182921126237,
    "neat_disable_rate": 0.08269577483830653,
    "neat_max_hidden_nodes": 35,
    "weight_mutation_rate": 0.7412575833471422,
    "weight_mutation_magnitude": 0.6006507492146087,
    "compatibility_threshold": 2.073701547864209,
    "neat_excess_coefficient": 1.8894263317902702,
    "neat_disjoint_coefficient": 1.6849675980749903,
    "neat_weight_coefficient": 0.3198696491375611,
    "min_species_size": 3,
    "mutation_rate": 0.41791740643986164,
    "mutation_magnitude": 0.17174571964981772,
    "cull_percentage": 0.7077286116235001,
    "use_crossover": true,
    "crossover_rate": 0.7297769755447643,
    "use_proprioception": false,
    "min_nodes": 4,
    "max_nodes": 5,
    "max_muscles": 16,
    "time_encoding": "sin",
    "bias_mode": "node",
    "neural_dead_zone": 0.18993780733401697,
    "neural_output_bias": -0.2196932762860963,
    "use_adaptive_mutation": true,
    "stagnation_threshold": 20,
    "adaptive_mutation_boost": 2.955794812840846
  },
  "best_fitness_per_seed": [
    199.84918212890625
  ],
  "avg_fitness_per_seed": [
    14.823504233111938
  ],
  "mean_best_fitness": 199.84918212890625,
  "mean_avg_fitness": 14.823504233111938
}