{
  "trial_id": 72,
  "params": {
    "neat_initial_connectivity": "none",
    "neat_add_connection_rate": 0.06594568056577772,
    "neat_add_node_rate": 0.20449535079451733,
    "neat_enable_rate": 0.039144884335252254,
    "neat_disable_rate": 0.02729962293921593,
    "neat_max_hidden_nodes": 13,
    "weight_mutation_rate": 0.7113927578512094,
    "weight_mutation_magnitude": 0.3767709256417826,
    "compatibility_threshold": 4.965107087992369,
    "neat_excess_coefficient": 1.697115441157071,
    "neat_disjoint_coefficient": 0.5614059519006986,
    "neat_weight_coefficient": 0.7779996746974696,
    "min_species_size": 3,
    "mutation_rate": 0.5554188712020804,
    "mutation_magnitude": 0.41823135072044626,
    "cull_percentage": 0.41175989676564956,
    "use_crossover": true,
    "crossover_rate": 0.6622269125822388,
    "use_proprioception": false,
    "min_nodes": 4,
    "max_nodes": 5,
    "max_muscles": 10,
    "time_encoding": "none",
    "bias_mode": "node",
    "neural_dead_zone": 0.035110432165196735,
    "neural_output_bias": -0.45150843780687444,
    "use_adaptive_mutation": false
  },
  "best_fitness_per_seed": [
    256.5819091796875
  ],
  "avg_fitness_per_seed": [
    23.528778633276623
  ],
  "mean_best_fitness": 256.5819091796875,
  "mean_avg_fitness": 23.528778633276623
}