{
  "trial_id": 44,
  "params": {
    "neat_initial_connectivity": "sparse_outputs",
    "neat_add_connection_rate": 0.5957640448705308,
    "neat_add_node_rate": 0.15987481415432603,
    "neat_enable_rate": 0.005163384438604757,
    "neat_disable_rate": 0.033186157115860725,
    "neat_max_hidden_nodes": 10,
    "weight_mutation_rate": 0.7202943718623471,
    "weight_mutation_magnitude": 0.7929502830358363,
    "compatibility_threshold": 2.115736454065913,
    "neat_excess_coefficient": 1.6503854082882525,
    "neat_disjoint_coefficient": 1.9451047223683222,
    "neat_weight_coefficient": 0.7661338822724659,
    "min_species_size": 3,
    "mutation_rate": 0.549140621650017,
    "mutation_magnitude": 0.2517364466319401,
    "cull_percentage": 0.7934122709157994,
    "use_crossover": true,
    "crossover_rate": 0.6158601218042195,
    "use_proprioception": false,
    "min_nodes": 4,
    "max_nodes": 6,
    "max_muscles": 9,
    "time_encoding": "none",
    "bias_mode": "node",
    "neural_dead_zone": 0.07567955612770248,
    "neural_output_bias": -0.28177303873784443,
    "use_adaptive_mutation": false
  },
  "best_fitness_per_seed": [
    312.34295654296875
  ],
  "avg_fitness_per_seed": [
    10.021190667400758
  ],
  "mean_best_fitness": 312.34295654296875,
  "mean_avg_fitness": 10.021190667400758
}