{
  "trial_id": 125,
  "params": {
    "neat_initial_connectivity": "sparse_outputs",
    "neat_add_connection_rate": 0.23365023538876029,
    "neat_add_node_rate": 0.09135766700009153,
    "neat_enable_rate": 0.051317618107047394,
    "neat_disable_rate": 0.07579966226476863,
    "neat_max_hidden_nodes": 17,
    "weight_mutation_rate": 0.5632373037491335,
    "weight_mutation_magnitude": 0.3658564381119963,
    "compatibility_threshold": 3.398724196540323,
    "neat_excess_coefficient": 0.9983143239233345,
    "neat_disjoint_coefficient": 0.8203170094940009,
    "neat_weight_coefficient": 0.6282326660017298,
    "min_species_size": 5,
    "mutation_rate": 0.3790802922016472,
    "mutation_magnitude": 0.10856746387135173,
    "cull_percentage": 0.7124339936785937,
    "use_crossover": true,
    "crossover_rate": 0.5369681905096166,
    "use_proprioception": true,
    "proprioception_inputs": "velocity",
    "min_nodes": 3,
    "max_nodes": 5,
    "max_muscles": 20,
    "time_encoding": "none",
    "bias_mode": "bias_node",
    "neural_dead_zone": 0.039272681538617606,
    "neural_output_bias": -0.29498240052830216,
    "use_adaptive_mutation": true,
    "stagnation_threshold": 15,
    "adaptive_mutation_boost": 2.567512353043294
  },
  "best_fitness_per_seed": [
    108.5991439819336
  ],
  "avg_fitness_per_seed": [
    12.861364225347836
  ],
  "mean_best_fitness": 108.5991439819336,
  "mean_avg_fitness": 12.861364225347836
}