{
  "trial_id": 106,
  "params": {
    "neat_initial_connectivity": "full",
    "neat_add_connection_rate": 0.07778191768279448,
    "neat_add_node_rate": 0.07502163133258068,
    "neat_enable_rate": 0.048798411452711715,
    "neat_disable_rate": 0.026099569879880803,
    "neat_max_hidden_nodes": 38,
    "weight_mutation_rate": 0.8937744307185113,
    "weight_mutation_magnitude": 0.41165034175117454,
    "compatibility_threshold": 3.7386913213462463,
    "neat_excess_coefficient": 0.6629482450748809,
    "neat_disjoint_coefficient": 0.9927845089537216,
    "neat_weight_coefficient": 0.8290775004827433,
    "min_species_size": 5,
    "mutation_rate": 0.4439274139575624,
    "mutation_magnitude": 0.2346377243434745,
    "cull_percentage": 0.6219654012986515,
    "use_crossover": true,
    "crossover_rate": 0.22137552314958334,
    "use_proprioception": false,
    "min_nodes": 4,
    "max_nodes": 7,
    "max_muscles": 9,
    "time_encoding": "sin",
    "bias_mode": "bias_node",
    "neural_dead_zone": 0.10049359163472614,
    "neural_output_bias": -0.19003699591225864,
    "use_adaptive_mutation": false
  },
  "best_fitness_per_seed": [
    199.8817138671875
  ],
  "avg_fitness_per_seed": [
    46.72098868240913
  ],
  "mean_best_fitness": 199.8817138671875,
  "mean_avg_fitness": 46.72098868240913
}