{
  "trial_id": 65,
  "params": {
    "neat_initial_connectivity": "none",
    "neat_add_connection_rate": 0.4021978166492798,
    "neat_add_node_rate": 0.23537529864806497,
    "neat_enable_rate": 0.06994283890350321,
    "neat_disable_rate": 0.028156029306956754,
    "neat_max_hidden_nodes": 37,
    "weight_mutation_rate": 0.8465548936937783,
    "weight_mutation_magnitude": 0.4947543712917538,
    "compatibility_threshold": 1.1607227701934395,
    "neat_excess_coefficient": 1.8519977255653512,
    "neat_disjoint_coefficient": 0.6866100437425094,
    "neat_weight_coefficient": 0.9229784639780292,
    "min_species_size": 4,
    "mutation_rate": 0.12348982128740446,
    "mutation_magnitude": 0.3205223894085421,
    "cull_percentage": 0.5301502859032494,
    "use_crossover": true,
    "crossover_rate": 0.26616307801120176,
    "use_proprioception": false,
    "min_nodes": 4,
    "max_nodes": 8,
    "max_muscles": 16,
    "time_encoding": "cyclic",
    "bias_mode": "bias_node",
    "neural_dead_zone": 0.002885435149687843,
    "neural_output_bias": -0.22711353767452525,
    "use_adaptive_mutation": true,
    "stagnation_threshold": 29,
    "adaptive_mutation_boost": 2.6748894088525312
  },
  "best_fitness_per_seed": [
    290.39361572265625
  ],
  "avg_fitness_per_seed": [
    28.146420511355004
  ],
  "mean_best_fitness": 290.39361572265625,
  "mean_avg_fitness": 28.146420511355004
}