{
  "trial_id": 85,
  "params": {
    "neat_initial_connectivity": "sparse_outputs",
    "neat_add_connection_rate": 0.4503963861927361,
    "neat_add_node_rate": 0.16054396234286358,
    "neat_enable_rate": 0.08938406596568328,
    "neat_disable_rate": 0.09745888229220746,
    "neat_max_hidden_nodes": 24,
    "weight_mutation_rate": 0.48514938559694754,
    "weight_mutation_magnitude": 0.1893717582719306,
    "compatibility_threshold": 2.358061866549564,
    "neat_excess_coefficient": 0.6933809993518334,
    "neat_disjoint_coefficient": 1.1474425097080811,
    "neat_weight_coefficient": 0.947046847558285,
    "min_species_size": 4,
    "mutation_rate": 0.2617744634821889,
    "mutation_magnitude": 0.17191929890283686,
    "cull_percentage": 0.589957010142324,
    "use_crossover": true,
    "crossover_rate": 0.46765274040869287,
    "use_proprioception": false,
    "min_nodes": 3,
    "max_nodes": 7,
    "max_muscles": 17,
    "time_encoding": "cyclic",
    "bias_mode": "node",
    "neural_dead_zone": 0.08194346191001295,
    "neural_output_bias": -0.3863634357707553,
    "use_adaptive_mutation": false
  },
  "best_fitness_per_seed": [
    195.0371856689453
  ],
  "avg_fitness_per_seed": [
    24.223740783979494
  ],
  "mean_best_fitness": 195.0371856689453,
  "mean_avg_fitness": 24.223740783979494
}