{
  "trial_id": 96,
  "params": {
    "neat_initial_connectivity": "sparse_outputs",
    "neat_add_connection_rate": 0.4629561877244754,
    "neat_add_node_rate": 0.2493625921238942,
    "neat_enable_rate": 0.0839843769476037,
    "neat_disable_rate": 0.06393514183450903,
    "neat_max_hidden_nodes": 40,
    "weight_mutation_rate": 0.48185070183020234,
    "weight_mutation_magnitude": 0.565408638045499,
    "compatibility_threshold": 2.9762510004899485,
    "neat_excess_coefficient": 1.4137764899367782,
    "neat_disjoint_coefficient": 0.8119582925683098,
    "neat_weight_coefficient": 0.628668285200713,
    "min_species_size": 4,
    "mutation_rate": 0.5403009597969555,
    "mutation_magnitude": 0.2867011967399027,
    "cull_percentage": 0.30638866831176115,
    "use_crossover": true,
    "crossover_rate": 0.3226669197317335,
    "use_proprioception": true,
    "proprioception_inputs": "velocity",
    "min_nodes": 4,
    "max_nodes": 9,
    "max_muscles": 17,
    "time_encoding": "cyclic",
    "bias_mode": "node",
    "neural_dead_zone": 0.019874989380838426,
    "neural_output_bias": -0.09588190918115302,
    "use_adaptive_mutation": false
  },
  "best_fitness_per_seed": [
    241.36318969726562
  ],
  "avg_fitness_per_seed": [
    23.27965679563582
  ],
  "mean_best_fitness": 241.36318969726562,
  "mean_avg_fitness": 23.27965679563582
}