{
  "trial_id": 102,
  "params": {
    "neat_initial_connectivity": "sparse_outputs",
    "neat_add_connection_rate": 0.5119345537119986,
    "neat_add_node_rate": 0.17984401433360114,
    "neat_enable_rate": 0.0627817977340615,
    "neat_disable_rate": 0.04447549611169365,
    "neat_max_hidden_nodes": 14,
    "weight_mutation_rate": 0.7790226113510703,
    "weight_mutation_magnitude": 0.20416350712797432,
    "compatibility_threshold": 3.7811445516688953,
    "neat_excess_coefficient": 1.4169365003393104,
    "neat_disjoint_coefficient": 1.5828616081880835,
    "neat_weight_coefficient": 0.46133023027142206,
    "min_species_size": 2,
    "mutation_rate": 0.24175050629493397,
    "mutation_magnitude": 0.1898008354549744,
    "cull_percentage": 0.6477042757357747,
    "use_crossover": true,
    "crossover_rate": 0.38259565481056884,
    "use_proprioception": false,
    "min_nodes": 4,
    "max_nodes": 10,
    "max_muscles": 10,
    "time_encoding": "cyclic",
    "bias_mode": "node",
    "neural_dead_zone": 0.07201266766264518,
    "neural_output_bias": -0.252703700879289,
    "use_adaptive_mutation": false
  },
  "best_fitness_per_seed": [
    263.8479919433594
  ],
  "avg_fitness_per_seed": [
    40.586805900881686
  ],
  "mean_best_fitness": 263.8479919433594,
  "mean_avg_fitness": 40.586805900881686
}