{
  "trial_id": 81,
  "params": {
    "neat_initial_connectivity": "none",
    "neat_add_connection_rate": 0.08300031084534454,
    "neat_add_node_rate": 0.17774892479830356,
    "neat_enable_rate": 0.06288917811174237,
    "neat_disable_rate": 0.06730102397563924,
    "neat_max_hidden_nodes": 20,
    "weight_mutation_rate": 0.8060244057402792,
    "weight_mutation_magnitude": 0.33395442976886586,
    "compatibility_threshold": 3.7519198240987985,
    "neat_excess_coefficient": 1.826057902061195,
    "neat_disjoint_coefficient": 1.3526460594347973,
    "neat_weight_coefficient": 0.3488856383868551,
    "min_species_size": 3,
    "mutation_rate": 0.14408842348712178,
    "mutation_magnitude": 0.24221423057981106,
    "cull_percentage": 0.7093927163394014,
    "use_crossover": true,
    "crossover_rate": 0.6597545305599792,
    "use_proprioception": false,
    "min_nodes": 4,
    "max_nodes": 7,
    "max_muscles": 15,
    "time_encoding": "cyclic",
    "bias_mode": "node",
    "neural_dead_zone": 0.1411600387372804,
    "neural_output_bias": -0.017527552382166245,
    "use_adaptive_mutation": false
  },
  "best_fitness_per_seed": [
    68.71969604492188
  ],
  "avg_fitness_per_seed": [
    6.554836561605335
  ],
  "mean_best_fitness": 68.71969604492188,
  "mean_avg_fitness": 6.554836561605335
}