{
  "trial_id": 2,
  "params": {
    "neat_initial_connectivity": "none",
    "neat_add_connection_rate": 0.24037778738680754,
    "neat_add_node_rate": 0.08683337348950117,
    "neat_enable_rate": 0.088671690396416,
    "neat_disable_rate": 0.08800962119174345,
    "neat_max_hidden_nodes": 43,
    "weight_mutation_rate": 0.5715350564110291,
    "weight_mutation_magnitude": 0.797868052252052,
    "compatibility_threshold": 3.935957854364386,
    "neat_excess_coefficient": 0.8273807498632029,
    "neat_disjoint_coefficient": 1.0559143242780773,
    "neat_weight_coefficient": 0.8579941781821078,
    "min_species_size": 1,
    "mutation_rate": 0.4859351699321166,
    "mutation_magnitude": 0.4716915465731508,
    "cull_percentage": 0.7016767549505744,
    "use_crossover": true,
    "crossover_rate": 0.3947436144196463,
    "use_proprioception": true,
    "proprioception_inputs": "ground",
    "min_nodes": 3,
    "max_nodes": 12,
    "max_muscles": 15,
    "time_encoding": "raw",
    "bias_mode": "node",
    "neural_dead_zone": 0.12101589059431239,
    "neural_output_bias": -0.02043714290962656,
    "use_adaptive_mutation": true,
    "stagnation_threshold": 24,
    "adaptive_mutation_boost": 2.0467296769653447
  },
  "best_fitness_per_seed": [
    313.3989562988281
  ],
  "avg_fitness_per_seed": [
    18.774578639368215
  ],
  "mean_best_fitness": 313.3989562988281,
  "mean_avg_fitness": 18.774578639368215
}