{
  "trial_id": 16,
  "params": {
    "neat_initial_connectivity": "sparse_inputs",
    "neat_add_connection_rate": 0.05220449233563862,
    "neat_add_node_rate": 0.11320295647307566,
    "neat_enable_rate": 0.021211370865527424,
    "neat_disable_rate": 0.0025253386466222664,
    "neat_max_hidden_nodes": 10,
    "weight_mutation_rate": 0.6678095689426038,
    "weight_mutation_magnitude": 0.16846722174058196,
    "compatibility_threshold": 4.312201851824792,
    "neat_excess_coefficient": 1.4970514089107305,
    "neat_disjoint_coefficient": 1.2413925046770844,
    "neat_weight_coefficient": 0.19119986528247931,
    "min_species_size": 2,
    "mutation_rate": 0.5043264321575792,
    "mutation_magnitude": 0.41988285013534765,
    "cull_percentage": 0.37882795160475585,
    "use_crossover": true,
    "crossover_rate": 0.4187784340030622,
    "use_proprioception": true,
    "proprioception_inputs": "all",
    "min_nodes": 3,
    "max_nodes": 9,
    "max_muscles": 10,
    "time_encoding": "sin",
    "bias_mode": "node",
    "neural_dead_zone": 0.16347303202085628,
    "neural_output_bias": -0.2170254687094565,
    "use_adaptive_mutation": false
  },
  "best_fitness_per_seed": [
    418.6595764160156
  ],
  "avg_fitness_per_seed": [
    42.618584185441335
  ],
  "mean_best_fitness": 418.6595764160156,
  "mean_avg_fitness": 42.618584185441335
}