{
  "trial_id": 29,
  "params": {
    "neat_initial_connectivity": "full",
    "neat_add_connection_rate": 0.5943238981678548,
    "neat_add_node_rate": 0.24936577564185894,
    "neat_enable_rate": 0.09124160151569466,
    "neat_disable_rate": 0.04426874530315883,
    "neat_max_hidden_nodes": 15,
    "weight_mutation_rate": 0.8396415755790774,
    "weight_mutation_magnitude": 0.4417001465975422,
    "compatibility_threshold": 3.0480906892207518,
    "neat_excess_coefficient": 1.3972002830624193,
    "neat_disjoint_coefficient": 1.2477490053798028,
    "neat_weight_coefficient": 0.3047901393000651,
    "min_species_size": 2,
    "mutation_rate": 0.3099417583222034,
    "mutation_magnitude": 0.41079896534782934,
    "cull_percentage": 0.6059501970398252,
    "use_crossover": true,
    "crossover_rate": 0.20992452744678924,
    "use_proprioception": true,
    "proprioception_inputs": "velocity",
    "min_nodes": 3,
    "max_nodes": 5,
    "max_muscles": 15,
    "time_encoding": "sin",
    "bias_mode": "node",
    "neural_dead_zone": 0.10684978992903081,
    "neural_output_bias": -0.40177343702925306,
    "use_adaptive_mutation": false
  },
  "best_fitness_per_seed": [
    199.81838989257812
  ],
  "avg_fitness_per_seed": [
    37.882571755051615
  ],
  "mean_best_fitness": 199.81838989257812,
  "mean_avg_fitness": 37.882571755051615
}