{
  "trial_id": 116,
  "params": {
    "neat_initial_connectivity": "none",
    "neat_add_connection_rate": 0.3172123423925538,
    "neat_add_node_rate": 0.0944194663063727,
    "neat_enable_rate": 0.038897095492803714,
    "neat_disable_rate": 0.0591354565293472,
    "neat_max_hidden_nodes": 17,
    "weight_mutation_rate": 0.46656865505700923,
    "weight_mutation_magnitude": 0.27403720408391885,
    "compatibility_threshold": 4.600111134270813,
    "neat_excess_coefficient": 0.7763406525316738,
    "neat_disjoint_coefficient": 0.6674144721813666,
    "neat_weight_coefficient": 0.8266558292084252,
    "min_species_size": 2,
    "mutation_rate": 0.38951800195694375,
    "mutation_magnitude": 0.48217915483001206,
    "cull_percentage": 0.5623513332607583,
    "use_crossover": true,
    "crossover_rate": 0.5297296158999751,
    "use_proprioception": false,
    "min_nodes": 3,
    "max_nodes": 7,
    "max_muscles": 15,
    "time_encoding": "cyclic",
    "bias_mode": "bias_node",
    "neural_dead_zone": 0.07516062673612743,
    "neural_output_bias": -0.21133103558429073,
    "use_adaptive_mutation": false
  },
  "best_fitness_per_seed": [
    275.2036437988281
  ],
  "avg_fitness_per_seed": [
    16.956059206984936
  ],
  "mean_best_fitness": 275.2036437988281,
  "mean_avg_fitness": 16.956059206984936
}