{
  "trial_id": 115,
  "params": {
    "neat_initial_connectivity": "sparse_outputs",
    "neat_add_connection_rate": 0.1811969904078003,
    "neat_add_node_rate": 0.04019073011075784,
    "neat_enable_rate": 0.09486921953814852,
    "neat_disable_rate": 0.08062363875918914,
    "neat_max_hidden_nodes": 18,
    "weight_mutation_rate": 0.6283333096404664,
    "weight_mutation_magnitude": 0.5060554357550574,
    "compatibility_threshold": 2.3857123873111057,
    "neat_excess_coefficient": 1.5584947095975,
    "neat_disjoint_coefficient": 1.9777636226102504,
    "neat_weight_coefficient": 0.7671395778126513,
    "min_species_size": 5,
    "mutation_rate": 0.5660065749142751,
    "mutation_magnitude": 0.30854613101812234,
    "cull_percentage": 0.7201363204909068,
    "use_crossover": true,
    "crossover_rate": 0.6712122308733781,
    "use_proprioception": true,
    "proprioception_inputs": "strain",
    "min_nodes": 4,
    "max_nodes": 12,
    "max_muscles": 15,
    "time_encoding": "cyclic",
    "bias_mode": "bias_node",
    "neural_dead_zone": 0.034884284709303805,
    "neural_output_bias": -0.2160417250323411,
    "use_adaptive_mutation": true,
    "stagnation_threshold": 13,
    "adaptive_mutation_boost": 2.129273564036252
  },
  "best_fitness_per_seed": [
    297.9924621582031
  ],
  "avg_fitness_per_seed": [
    18.56913389335076
  ],
  "mean_best_fitness": 297.9924621582031,
  "mean_avg_fitness": 18.56913389335076
}