{
  "trial_id": 86,
  "params": {
    "neat_initial_connectivity": "none",
    "neat_add_connection_rate": 0.2098132383468344,
    "neat_add_node_rate": 0.27592884763701436,
    "neat_enable_rate": 0.0286657635652138,
    "neat_disable_rate": 0.011550855115312775,
    "neat_max_hidden_nodes": 20,
    "weight_mutation_rate": 0.7086789269961298,
    "weight_mutation_magnitude": 0.2444567913311942,
    "compatibility_threshold": 3.2291913582194978,
    "neat_excess_coefficient": 1.022642260252292,
    "neat_disjoint_coefficient": 0.8499364164858594,
    "neat_weight_coefficient": 0.42961158356434515,
    "min_species_size": 1,
    "mutation_rate": 0.20234071352493652,
    "mutation_magnitude": 0.40190293714561576,
    "cull_percentage": 0.5044408624964132,
    "use_crossover": true,
    "crossover_rate": 0.24898107386040141,
    "use_proprioception": false,
    "min_nodes": 4,
    "max_nodes": 10,
    "max_muscles": 19,
    "time_encoding": "cyclic",
    "bias_mode": "bias_node",
    "neural_dead_zone": 0.008118348941160458,
    "neural_output_bias": -0.19335134672346543,
    "use_adaptive_mutation": false
  },
  "best_fitness_per_seed": [
    299.901123046875
  ],
  "avg_fitness_per_seed": [
    24.24286576304585
  ],
  "mean_best_fitness": 299.901123046875,
  "mean_avg_fitness": 24.24286576304585
}