{
  "trial_id": 95,
  "params": {
    "neat_initial_connectivity": "full",
    "neat_add_connection_rate": 0.5033942875180873,
    "neat_add_node_rate": 0.1418046338564994,
    "neat_enable_rate": 0.008394642706002887,
    "neat_disable_rate": 0.08688404678048658,
    "neat_max_hidden_nodes": 10,
    "weight_mutation_rate": 0.6742374121179768,
    "weight_mutation_magnitude": 0.49864625066846047,
    "compatibility_threshold": 2.8497878493088473,
    "neat_excess_coefficient": 1.459816375180363,
    "neat_disjoint_coefficient": 1.4443338921863333,
    "neat_weight_coefficient": 0.14292485787941395,
    "min_species_size": 1,
    "mutation_rate": 0.585383252024984,
    "mutation_magnitude": 0.2720920733930937,
    "cull_percentage": 0.4909584118208372,
    "use_crossover": true,
    "crossover_rate": 0.31835796889895257,
    "use_proprioception": false,
    "min_nodes": 3,
    "max_nodes": 9,
    "max_muscles": 9,
    "time_encoding": "raw",
    "bias_mode": "bias_node",
    "neural_dead_zone": 0.04083545107533018,
    "neural_output_bias": -0.4543167251623238,
    "use_adaptive_mutation": true,
    "stagnation_threshold": 11,
    "adaptive_mutation_boost": 1.8481269649840257
  },
  "best_fitness_per_seed": [
    170.43540954589844
  ],
  "avg_fitness_per_seed": [
    16.630257218778134
  ],
  "mean_best_fitness": 170.43540954589844,
  "mean_avg_fitness": 16.630257218778134
}