{
  "trial_id": 43,
  "params": {
    "neat_initial_connectivity": "none",
    "neat_add_connection_rate": 0.4682769089014801,
    "neat_add_node_rate": 0.1281506554541331,
    "neat_enable_rate": 0.0851469205019536,
    "neat_disable_rate": 0.016131701454471993,
    "neat_max_hidden_nodes": 16,
    "weight_mutation_rate": 0.4190376174141872,
    "weight_mutation_magnitude": 0.7226068936210998,
    "compatibility_threshold": 2.94908481712629,
    "neat_excess_coefficient": 0.8871621883696729,
    "neat_disjoint_coefficient": 1.831731382705533,
    "neat_weight_coefficient": 0.886892947355061,
    "min_species_size": 1,
    "mutation_rate": 0.11341800798018861,
    "mutation_magnitude": 0.3841972243970586,
    "cull_percentage": 0.3676494576741818,
    "use_crossover": true,
    "crossover_rate": 0.6048235788727576,
    "use_proprioception": true,
    "proprioception_inputs": "all",
    "min_nodes": 4,
    "max_nodes": 7,
    "max_muscles": 11,
    "time_encoding": "none",
    "bias_mode": "node",
    "neural_dead_zone": 0.13886787233769116,
    "neural_output_bias": -0.21572081502825574,
    "use_adaptive_mutation": true,
    "stagnation_threshold": 22,
    "adaptive_mutation_boost": 2.87012467095836
  },
  "best_fitness_per_seed": [
    265.6253356933594
  ],
  "avg_fitness_per_seed": [
    23.834490190446378
  ],
  "mean_best_fitness": 265.6253356933594,
  "mean_avg_fitness": 23.834490190446378
}