{
  "trial_id": 126,
  "params": {
    "neat_initial_connectivity": "sparse_outputs",
    "neat_add_connection_rate": 0.32819254499912265,
    "neat_add_node_rate": 0.13138357432709627,
    "neat_enable_rate": 0.07386328354214249,
    "neat_disable_rate": 0.09144213442609664,
    "neat_max_hidden_nodes": 25,
    "weight_mutation_rate": 0.5543016845251973,
    "weight_mutation_magnitude": 0.36000378845972014,
    "compatibility_threshold": 2.9970489768762545,
    "neat_excess_coefficient": 1.9735217518540964,
    "neat_disjoint_coefficient": 0.844473533225926,
    "neat_weight_coefficient": 0.1951797270790545,
    "min_species_size": 4,
    "mutation_rate": 0.10308783969746618,
    "mutation_magnitude": 0.25220769278353017,
    "cull_percentage": 0.46666265305441823,
    "use_crossover": true,
    "crossover_rate": 0.6522240116915938,
    "use_proprioception": false,
    "min_nodes": 4,
    "max_nodes": 12,
    "max_muscles": 12,
    "time_encoding": "cyclic",
    "bias_mode": "node",
    "neural_dead_zone": 0.18430189108741157,
    "neural_output_bias": -0.34677327403937447,
    "use_adaptive_mutation": true,
    "stagnation_threshold": 10,
    "adaptive_mutation_boost": 2.0491361984803556
  },
  "best_fitness_per_seed": [
    194.61459350585938
  ],
  "avg_fitness_per_seed": [
    45.60520665337642
  ],
  "mean_best_fitness": 194.61459350585938,
  "mean_avg_fitness": 45.60520665337642
}