{
  "trial_id": 21,
  "params": {
    "neat_initial_connectivity": "full",
    "neat_add_connection_rate": 0.22669215790803726,
    "neat_add_node_rate": 0.1522237884846123,
    "neat_enable_rate": 0.09442549739801515,
    "neat_disable_rate": 0.09303325338594022,
    "neat_max_hidden_nodes": 18,
    "weight_mutation_rate": 0.6006004554387674,
    "weight_mutation_magnitude": 0.39565448621137644,
    "compatibility_threshold": 2.5001563926114025,
    "neat_excess_coefficient": 0.9578861498085658,
    "neat_disjoint_coefficient": 1.1709977246061032,
    "neat_weight_coefficient": 0.21143232323985467,
    "min_species_size": 5,
    "mutation_rate": 0.49064193316411475,
    "mutation_magnitude": 0.4933772198293326,
    "cull_percentage": 0.3184808282094257,
    "use_crossover": true,
    "crossover_rate": 0.5069912890014947,
    "use_proprioception": false,
    "min_nodes": 4,
    "max_nodes": 10,
    "max_muscles": 15,
    "time_encoding": "raw",
    "bias_mode": "bias_node",
    "neural_dead_zone": 0.1648385828411203,
    "neural_output_bias": -0.44083481852670425,
    "use_adaptive_mutation": true,
    "stagnation_threshold": 18,
    "adaptive_mutation_boost": 2.95966995920654
  },
  "best_fitness_per_seed": [
    407.8402099609375
  ],
  "avg_fitness_per_seed": [
    40.78166902710994
  ],
  "mean_best_fitness": 407.8402099609375,
  "mean_avg_fitness": 40.78166902710994
}