{
  "trial_id": 37,
  "params": {
    "neat_initial_connectivity": "full",
    "neat_add_connection_rate": 0.09343529344267903,
    "neat_add_node_rate": 0.12384695494225934,
    "neat_enable_rate": 0.0066999599419980795,
    "neat_disable_rate": 0.04546284754376889,
    "neat_max_hidden_nodes": 43,
    "weight_mutation_rate": 0.4633763309227459,
    "weight_mutation_magnitude": 0.6285102743840885,
    "compatibility_threshold": 4.639674642443088,
    "neat_excess_coefficient": 0.9831597767376095,
    "neat_disjoint_coefficient": 1.5103047099810631,
    "neat_weight_coefficient": 0.6445356979430912,
    "min_species_size": 5,
    "mutation_rate": 0.40610350169778586,
    "mutation_magnitude": 0.16343382493355751,
    "cull_percentage": 0.5794151235118625,
    "use_crossover": true,
    "crossover_rate": 0.4759924989826975,
    "use_proprioception": true,
    "proprioception_inputs": "ground",
    "min_nodes": 4,
    "max_nodes": 9,
    "max_muscles": 14,
    "time_encoding": "sin_raw",
    "bias_mode": "node",
    "neural_dead_zone": 0.14376358906834544,
    "neural_output_bias": -0.30067888225393097,
    "use_adaptive_mutation": true,
    "stagnation_threshold": 25,
    "adaptive_mutation_boost": 2.3478246409812864
  },
  "best_fitness_per_seed": [
    199.83743286132812
  ],
  "avg_fitness_per_seed": [
    48.63610502888759
  ],
  "mean_best_fitness": 199.83743286132812,
  "mean_avg_fitness": 48.63610502888759
}