{
  "trial_id": 61,
  "params": {
    "neat_initial_connectivity": "full",
    "neat_add_connection_rate": 0.35681718923756117,
    "neat_add_node_rate": 0.2944973039253018,
    "neat_enable_rate": 0.041261974424424856,
    "neat_disable_rate": 0.04875676753510392,
    "neat_max_hidden_nodes": 41,
    "weight_mutation_rate": 0.7208890865242412,
    "weight_mutation_magnitude": 0.7726435584087423,
    "compatibility_threshold": 1.6972747575914284,
    "neat_excess_coefficient": 1.684015457576194,
    "neat_disjoint_coefficient": 1.0228469148503232,
    "neat_weight_coefficient": 0.9137946193301022,
    "min_species_size": 3,
    "mutation_rate": 0.13181305080314135,
    "mutation_magnitude": 0.2739590803528903,
    "cull_percentage": 0.7501981252213534,
    "use_crossover": true,
    "crossover_rate": 0.2963545856767113,
    "use_proprioception": true,
    "proprioception_inputs": "velocity",
    "min_nodes": 4,
    "max_nodes": 8,
    "max_muscles": 16,
    "time_encoding": "sin",
    "bias_mode": "node",
    "neural_dead_zone": 0.012018994894085,
    "neural_output_bias": -0.3356225258351462,
    "use_adaptive_mutation": true,
    "stagnation_threshold": 12,
    "adaptive_mutation_boost": 1.623125245594889
  },
  "best_fitness_per_seed": [
    399.30975341796875
  ],
  "avg_fitness_per_seed": [
    24.77555708522598
  ],
  "mean_best_fitness": 399.30975341796875,
  "mean_avg_fitness": 24.77555708522598
}