{
  "trial_id": 82,
  "params": {
    "neat_initial_connectivity": "sparse_inputs",
    "neat_add_connection_rate": 0.4837934098796996,
    "neat_add_node_rate": 0.07786045754713497,
    "neat_enable_rate": 0.014422305708840089,
    "neat_disable_rate": 0.060356166838406194,
    "neat_max_hidden_nodes": 29,
    "weight_mutation_rate": 0.7530925153195048,
    "weight_mutation_magnitude": 0.7763138018188461,
    "compatibility_threshold": 1.8471057269657103,
    "neat_excess_coefficient": 1.4516022251360114,
    "neat_disjoint_coefficient": 1.5318964537319313,
    "neat_weight_coefficient": 0.7457883793185918,
    "min_species_size": 3,
    "mutation_rate": 0.16261953823238504,
    "mutation_magnitude": 0.2714017617728244,
    "cull_percentage": 0.4801713431962724,
    "use_crossover": true,
    "crossover_rate": 0.73110492328388,
    "use_proprioception": false,
    "min_nodes": 3,
    "max_nodes": 5,
    "max_muscles": 12,
    "time_encoding": "cyclic",
    "bias_mode": "bias_node",
    "neural_dead_zone": 0.19996710661830064,
    "neural_output_bias": -0.011041449986975815,
    "use_adaptive_mutation": true,
    "stagnation_threshold": 15,
    "adaptive_mutation_boost": 2.4526421173549924
  },
  "best_fitness_per_seed": [
    199.7144317626953
  ],
  "avg_fitness_per_seed": [
    21.903489952435095
  ],
  "mean_best_fitness": 199.7144317626953,
  "mean_avg_fitness": 21.903489952435095
}