{
  "trial_id": 97,
  "params": {
    "neat_initial_connectivity": "none",
    "neat_add_connection_rate": 0.5122137179505862,
    "neat_add_node_rate": 0.29379651943172885,
    "neat_enable_rate": 0.0908986103132971,
    "neat_disable_rate": 0.08380052095619567,
    "neat_max_hidden_nodes": 41,
    "weight_mutation_rate": 0.6872865180958199,
    "weight_mutation_magnitude": 0.2933125573288783,
    "compatibility_threshold": 2.424993240547357,
    "neat_excess_coefficient": 1.1184945085355393,
    "neat_disjoint_coefficient": 0.9677013621790875,
    "neat_weight_coefficient": 0.3242733186115273,
    "min_species_size": 3,
    "mutation_rate": 0.42514697479664776,
    "mutation_magnitude": 0.1199764957035101,
    "cull_percentage": 0.6271614177558917,
    "use_crossover": true,
    "crossover_rate": 0.5464194544919736,
    "use_proprioception": false,
    "min_nodes": 3,
    "max_nodes": 10,
    "max_muscles": 14,
    "time_encoding": "none",
    "bias_mode": "bias_node",
    "neural_dead_zone": 0.007878349171226984,
    "neural_output_bias": -0.3010732218057527,
    "use_adaptive_mutation": true,
    "stagnation_threshold": 21,
    "adaptive_mutation_boost": 2.832435851415048
  },
  "best_fitness_per_seed": [
    168.68959045410156
  ],
  "avg_fitness_per_seed": [
    7.328208138396342
  ],
  "mean_best_fitness": 168.68959045410156,
  "mean_avg_fitness": 7.328208138396342
}