{
  "trial_id": 27,
  "params": {
    "neat_initial_connectivity": "sparse_inputs",
    "neat_add_connection_rate": 0.16861837841050392,
    "neat_add_node_rate": 0.13022588802138388,
    "neat_enable_rate": 0.07381238766564234,
    "neat_disable_rate": 0.020571325906105734,
    "neat_max_hidden_nodes": 47,
    "weight_mutation_rate": 0.5856831711207173,
    "weight_mutation_magnitude": 0.3938399442309387,
    "compatibility_threshold": 3.343165811256941,
    "neat_excess_coefficient": 0.6964576124878077,
    "neat_disjoint_coefficient": 1.6248240097629938,
    "neat_weight_coefficient": 0.5706476619686496,
    "min_species_size": 4,
    "mutation_rate": 0.4731886606272401,
    "mutation_magnitude": 0.4058023305489541,
    "cull_percentage": 0.6748483078064667,
    "use_crossover": true,
    "crossover_rate": 0.712592954927384,
    "use_proprioception": true,
    "proprioception_inputs": "all",
    "min_nodes": 4,
    "max_nodes": 5,
    "max_muscles": 18,
    "time_encoding": "sin_raw",
    "bias_mode": "bias_node",
    "neural_dead_zone": 0.027880072191645833,
    "neural_output_bias": -0.22532336943030623,
    "use_adaptive_mutation": true,
    "stagnation_threshold": 18,
    "adaptive_mutation_boost": 1.7839988955123003
  },
  "best_fitness_per_seed": [
    207.60987854003906
  ],
  "avg_fitness_per_seed": [
    24.214754409169156
  ],
  "mean_best_fitness": 207.60987854003906,
  "mean_avg_fitness": 24.214754409169156
}