{
  "trial_id": 32,
  "params": {
    "neat_initial_connectivity": "none",
    "neat_add_connection_rate": 0.4541425688315055,
    "neat_add_node_rate": 0.05943802211973511,
    "neat_enable_rate": 0.09770309324894273,
    "neat_disable_rate": 0.0032442512214465036,
    "neat_max_hidden_nodes": 25,
    "weight_mutation_rate": 0.8008917602767904,
    "weight_mutation_magnitude": 0.366883109671424,
    "compatibility_threshold": 3.2487219521156323,
    "neat_excess_coefficient": 1.4541886942084035,
    "neat_disjoint_coefficient": 1.5213149795145877,
    "neat_weight_coefficient": 0.25718092896856704,
    "min_species_size": 4,
    "mutation_rate": 0.5390776532383771,
    "mutation_magnitude": 0.2845167831112261,
    "cull_percentage": 0.7954192959609572,
    "use_crossover": true,
    "crossover_rate": 0.5221605690497286,
    "use_proprioception": false,
    "min_nodes": 3,
    "max_nodes": 7,
    "max_muscles": 11,
    "time_encoding": "cyclic",
    "bias_mode": "node",
    "neural_dead_zone": 0.1409159543033944,
    "neural_output_bias": -0.4683019189535583,
    "use_adaptive_mutation": true,
    "stagnation_threshold": 19,
    "adaptive_mutation_boost": 2.823798562696364
  },
  "best_fitness_per_seed": [
    199.786865234375
  ],
  "avg_fitness_per_seed": [
    19.03310568223397
  ],
  "mean_best_fitness": 199.786865234375,
  "mean_avg_fitness": 19.03310568223397
}