{
  "trial_id": 39,
  "params": {
    "neat_initial_connectivity": "full",
    "neat_add_connection_rate": 0.40690922519346523,
    "neat_add_node_rate": 0.09694132012465427,
    "neat_enable_rate": 0.05746356040682479,
    "neat_disable_rate": 0.05319117412701035,
    "neat_max_hidden_nodes": 43,
    "weight_mutation_rate": 0.6316935035702846,
    "weight_mutation_magnitude": 0.7376668679721063,
    "compatibility_threshold": 1.1561122295367499,
    "neat_excess_coefficient": 1.158551811570596,
    "neat_disjoint_coefficient": 1.9860725759422404,
    "neat_weight_coefficient": 0.8246072700632759,
    "min_species_size": 3,
    "mutation_rate": 0.18062459939676287,
    "mutation_magnitude": 0.38639413266459166,
    "cull_percentage": 0.5000441357778846,
    "use_crossover": true,
    "crossover_rate": 0.3760318743981219,
    "use_proprioception": true,
    "proprioception_inputs": "strain",
    "min_nodes": 4,
    "max_nodes": 11,
    "max_muscles": 19,
    "time_encoding": "cyclic",
    "bias_mode": "node",
    "neural_dead_zone": 0.13183000160652703,
    "neural_output_bias": -0.10346435491659733,
    "use_adaptive_mutation": true,
    "stagnation_threshold": 24,
    "adaptive_mutation_boost": 2.29099077099438
  },
  "best_fitness_per_seed": [
    340.910400390625
  ],
  "avg_fitness_per_seed": [
    31.48974054247141
  ],
  "mean_best_fitness": 340.910400390625,
  "mean_avg_fitness": 31.48974054247141
}