{
  "trial_id": 76,
  "params": {
    "neat_initial_connectivity": "sparse_outputs",
    "neat_add_connection_rate": 0.10395188711604,
    "neat_add_node_rate": 0.24643317824942265,
    "neat_enable_rate": 0.06191844594401644,
    "neat_disable_rate": 0.07150253033057989,
    "neat_max_hidden_nodes": 38,
    "weight_mutation_rate": 0.6414521585984816,
    "weight_mutation_magnitude": 0.20645146300884748,
    "compatibility_threshold": 3.5101944214074856,
    "neat_excess_coefficient": 1.9188846685705305,
    "neat_disjoint_coefficient": 1.6868591015095777,
    "neat_weight_coefficient": 0.9283355562467193,
    "min_species_size": 1,
    "mutation_rate": 0.16250675566119274,
    "mutation_magnitude": 0.4493125844447641,
    "cull_percentage": 0.5912261888482939,
    "use_crossover": true,
    "crossover_rate": 0.5442109814798487,
    "use_proprioception": true,
    "proprioception_inputs": "ground",
    "min_nodes": 3,
    "max_nodes": 10,
    "max_muscles": 14,
    "time_encoding": "raw",
    "bias_mode": "node",
    "neural_dead_zone": 0.05958998359040782,
    "neural_output_bias": -0.16479460217334785,
    "use_adaptive_mutation": false
  },
  "best_fitness_per_seed": [
    335.3846130371094
  ],
  "avg_fitness_per_seed": [
    25.816679736276466
  ],
  "mean_best_fitness": 335.3846130371094,
  "mean_avg_fitness": 25.816679736276466
}