{
  "trial_id": 71,
  "params": {
    "neat_initial_connectivity": "sparse_outputs",
    "neat_add_connection_rate": 0.34352902460713913,
    "neat_add_node_rate": 0.11713485349231371,
    "neat_enable_rate": 0.03553462137512692,
    "neat_disable_rate": 0.050469085272235585,
    "neat_max_hidden_nodes": 24,
    "weight_mutation_rate": 0.8734508586368587,
    "weight_mutation_magnitude": 0.48971526575852364,
    "compatibility_threshold": 1.6490191388550461,
    "neat_excess_coefficient": 1.9152620818570518,
    "neat_disjoint_coefficient": 1.0279394549021448,
    "neat_weight_coefficient": 0.3747113761343521,
    "min_species_size": 5,
    "mutation_rate": 0.4257080296353738,
    "mutation_magnitude": 0.25610533500540733,
    "cull_percentage": 0.6235303775853389,
    "use_crossover": true,
    "crossover_rate": 0.47767761501060896,
    "use_proprioception": false,
    "min_nodes": 4,
    "max_nodes": 7,
    "max_muscles": 9,
    "time_encoding": "sin",
    "bias_mode": "node",
    "neural_dead_zone": 0.1282513440584144,
    "neural_output_bias": -0.2159598115653964,
    "use_adaptive_mutation": true,
    "stagnation_threshold": 24,
    "adaptive_mutation_boost": 1.776517509460116
  },
  "best_fitness_per_seed": [
    191.9118194580078
  ],
  "avg_fitness_per_seed": [
    16.110260092814762
  ],
  "mean_best_fitness": 191.9118194580078,
  "mean_avg_fitness": 16.110260092814762
}