{
  "trial_id": 69,
  "params": {
    "neat_initial_connectivity": "sparse_outputs",
    "neat_add_connection_rate": 0.5597601311073305,
    "neat_add_node_rate": 0.23540242830309868,
    "neat_enable_rate": 0.0500046584727786,
    "neat_disable_rate": 0.06646416788269156,
    "neat_max_hidden_nodes": 17,
    "weight_mutation_rate": 0.917347315564739,
    "weight_mutation_magnitude": 0.3470710313354657,
    "compatibility_threshold": 4.164602337874614,
    "neat_excess_coefficient": 0.6078837604215046,
    "neat_disjoint_coefficient": 0.5292035831355634,
    "neat_weight_coefficient": 0.24939875221030908,
    "min_species_size": 4,
    "mutation_rate": 0.5164182319488393,
    "mutation_magnitude": 0.11950814701017941,
    "cull_percentage": 0.6540708783000717,
    "use_crossover": true,
    "crossover_rate": 0.43236117181925654,
    "use_proprioception": false,
    "min_nodes": 3,
    "max_nodes": 10,
    "max_muscles": 20,
    "time_encoding": "sin",
    "bias_mode": "node",
    "neural_dead_zone": 0.1051604401891773,
    "neural_output_bias": -0.2692930770769179,
    "use_adaptive_mutation": false
  },
  "best_fitness_per_seed": [
    228.35752868652344
  ],
  "avg_fitness_per_seed": [
    32.90245148499807
  ],
  "mean_best_fitness": 228.35752868652344,
  "mean_avg_fitness": 32.90245148499807
}