{
  "trial_id": 57,
  "params": {
    "neat_initial_connectivity": "sparse_outputs",
    "neat_add_connection_rate": 0.3788230794728987,
    "neat_add_node_rate": 0.23382268945620763,
    "neat_enable_rate": 0.07928019588555961,
    "neat_disable_rate": 0.0005092866460006063,
    "neat_max_hidden_nodes": 48,
    "weight_mutation_rate": 0.528017906357672,
    "weight_mutation_magnitude": 0.5678942179467973,
    "compatibility_threshold": 1.2484539163812252,
    "neat_excess_coefficient": 1.6232613631413428,
    "neat_disjoint_coefficient": 1.4921946619917985,
    "neat_weight_coefficient": 0.18863902455865866,
    "min_species_size": 1,
    "mutation_rate": 0.2575308861088388,
    "mutation_magnitude": 0.2899644127816865,
    "cull_percentage": 0.3971546809216093,
    "use_crossover": true,
    "crossover_rate": 0.2257150160577071,
    "use_proprioception": true,
    "proprioception_inputs": "velocity",
    "min_nodes": 3,
    "max_nodes": 11,
    "max_muscles": 19,
    "time_encoding": "none",
    "bias_mode": "bias_node",
    "neural_dead_zone": 0.08044085010851842,
    "neural_output_bias": -0.3384141643185869,
    "use_adaptive_mutation": true,
    "stagnation_threshold": 22,
    "adaptive_mutation_boost": 2.0892442589702447
  },
  "best_fitness_per_seed": [
    299.6689758300781
  ],
  "avg_fitness_per_seed": [
    6.107885815178355
  ],
  "mean_best_fitness": 299.6689758300781,
  "mean_avg_fitness": 6.107885815178355
}