{
  "trial_id": 68,
  "params": {
    "neat_initial_connectivity": "full",
    "neat_add_connection_rate": 0.4686566079396635,
    "neat_add_node_rate": 0.14468915864557264,
    "neat_enable_rate": 0.07601766197565624,
    "neat_disable_rate": 0.0815995063098447,
    "neat_max_hidden_nodes": 45,
    "weight_mutation_rate": 0.8760563802949595,
    "weight_mutation_magnitude": 0.6457642117354147,
    "compatibility_threshold": 1.7687329157153107,
    "neat_excess_coefficient": 1.834553334859707,
    "neat_disjoint_coefficient": 1.6422720553819588,
    "neat_weight_coefficient": 0.45280503035753683,
    "min_species_size": 3,
    "mutation_rate": 0.23034271724057662,
    "mutation_magnitude": 0.2980585598053441,
    "cull_percentage": 0.3434439218776639,
    "use_crossover": true,
    "crossover_rate": 0.6955461431591077,
    "use_proprioception": true,
    "proprioception_inputs": "velocity",
    "min_nodes": 4,
    "max_nodes": 8,
    "max_muscles": 12,
    "time_encoding": "raw",
    "bias_mode": "bias_node",
    "neural_dead_zone": 0.1324469579504085,
    "neural_output_bias": -0.34678578388099196,
    "use_adaptive_mutation": true,
    "stagnation_threshold": 22,
    "adaptive_mutation_boost": 2.2522556242956115
  },
  "best_fitness_per_seed": [
    208.01953125
  ],
  "avg_fitness_per_seed": [
    5.769781639128923
  ],
  "mean_best_fitness": 208.01953125,
  "mean_avg_fitness": 5.769781639128923
}