{
  "trial_id": 51,
  "params": {
    "neat_initial_connectivity": "full",
    "neat_add_connection_rate": 0.17912358348347074,
    "neat_add_node_rate": 0.10582954423203494,
    "neat_enable_rate": 0.07440059674629945,
    "neat_disable_rate": 0.050144749524467604,
    "neat_max_hidden_nodes": 29,
    "weight_mutation_rate": 0.8356474463013167,
    "weight_mutation_magnitude": 0.4872523592370488,
    "compatibility_threshold": 4.326397273139792,
    "neat_excess_coefficient": 1.8619281573929882,
    "neat_disjoint_coefficient": 1.503722928284289,
    "neat_weight_coefficient": 0.702136751721879,
    "min_species_size": 2,
    "mutation_rate": 0.17375430947881157,
    "mutation_magnitude": 0.1314736338099397,
    "cull_percentage": 0.6757270716941324,
    "use_crossover": true,
    "crossover_rate": 0.5705335261239323,
    "use_proprioception": true,
    "proprioception_inputs": "strain",
    "min_nodes": 4,
    "max_nodes": 7,
    "max_muscles": 14,
    "time_encoding": "sin",
    "bias_mode": "bias_node",
    "neural_dead_zone": 0.0425053756970129,
    "neural_output_bias": -0.4102876124079787,
    "use_adaptive_mutation": false
  },
  "best_fitness_per_seed": [
    288.76788330078125
  ],
  "avg_fitness_per_seed": [
    39.55171123872201
  ],
  "mean_best_fitness": 288.76788330078125,
  "mean_avg_fitness": 39.55171123872201
}