{
  "trial_id": 123,
  "params": {
    "neat_initial_connectivity": "sparse_outputs",
    "neat_add_connection_rate": 0.1344053275420915,
    "neat_add_node_rate": 0.08840689691235523,
    "neat_enable_rate": 0.007740037305760539,
    "neat_disable_rate": 0.0708977408970807,
    "neat_max_hidden_nodes": 34,
    "weight_mutation_rate": 0.7074544494011425,
    "weight_mutation_magnitude": 0.40924316648967773,
    "compatibility_threshold": 4.683570507228899,
    "neat_excess_coefficient": 0.8615240986621626,
    "neat_disjoint_coefficient": 1.3319138034853992,
    "neat_weight_coefficient": 0.2839068828587962,
    "min_species_size": 1,
    "mutation_rate": 0.3152235001310981,
    "mutation_magnitude": 0.3819605033040683,
    "cull_percentage": 0.4817244515402965,
    "use_crossover": true,
    "crossover_rate": 0.4240658927341848,
    "use_proprioception": true,
    "proprioception_inputs": "ground",
    "min_nodes": 4,
    "max_nodes": 11,
    "max_muscles": 13,
    "time_encoding": "raw",
    "bias_mode": "node",
    "neural_dead_zone": 0.177023546618991,
    "neural_output_bias": -0.1589501495690238,
    "use_adaptive_mutation": true,
    "stagnation_threshold": 17,
    "adaptive_mutation_boost": 2.5328863660594805
  },
  "best_fitness_per_seed": [
    250.3046875
  ],
  "avg_fitness_per_seed": [
    22.244037594695886
  ],
  "mean_best_fitness": 250.3046875,
  "mean_avg_fitness": 22.244037594695886
}