{
  "trial_id": 23,
  "params": {
    "neat_initial_connectivity": "sparse_outputs",
    "neat_add_connection_rate": 0.5987559890678928,
    "neat_add_node_rate": 0.23588089380562205,
    "neat_enable_rate": 0.09194550952062802,
    "neat_disable_rate": 0.09386100826931533,
    "neat_max_hidden_nodes": 46,
    "weight_mutation_rate": 0.548149240751771,
    "weight_mutation_magnitude": 0.2037542160425942,
    "compatibility_threshold": 2.0160446057506,
    "neat_excess_coefficient": 1.5245895109146135,
    "neat_disjoint_coefficient": 0.930918696992828,
    "neat_weight_coefficient": 0.469192847643649,
    "min_species_size": 3,
    "mutation_rate": 0.5982211098211622,
    "mutation_magnitude": 0.3170825174595074,
    "cull_percentage": 0.3295092029771801,
    "use_crossover": true,
    "crossover_rate": 0.3021172136384829,
    "use_proprioception": true,
    "proprioception_inputs": "ground",
    "min_nodes": 4,
    "max_nodes": 7,
    "max_muscles": 19,
    "time_encoding": "cyclic",
    "bias_mode": "node",
    "neural_dead_zone": 0.048729885490981166,
    "neural_output_bias": -0.48322289190927803,
    "use_adaptive_mutation": false
  },
  "best_fitness_per_seed": [
    319.7425842285156
  ],
  "avg_fitness_per_seed": [
    27.93022649973631
  ],
  "mean_best_fitness": 319.7425842285156,
  "mean_avg_fitness": 27.93022649973631
}