{
  "trial_id": 112,
  "params": {
    "neat_initial_connectivity": "none",
    "neat_add_connection_rate": 0.2839174300578146,
    "neat_add_node_rate": 0.20535471659137366,
    "neat_enable_rate": 0.008192189605368784,
    "neat_disable_rate": 0.018608786829500547,
    "neat_max_hidden_nodes": 16,
    "weight_mutation_rate": 0.8504027959339657,
    "weight_mutation_magnitude": 0.541876064008692,
    "compatibility_threshold": 3.796806880409172,
    "neat_excess_coefficient": 0.8689786740872247,
    "neat_disjoint_coefficient": 1.7775599404348643,
    "neat_weight_coefficient": 0.635929796556028,
    "min_species_size": 4,
    "mutation_rate": 0.44947360464381847,
    "mutation_magnitude": 0.24391231707701225,
    "cull_percentage": 0.7823312494712147,
    "use_crossover": true,
    "crossover_rate": 0.38763708138874414,
    "use_proprioception": true,
    "proprioception_inputs": "velocity",
    "min_nodes": 4,
    "max_nodes": 11,
    "max_muscles": 15,
    "time_encoding": "sin",
    "bias_mode": "bias_node",
    "neural_dead_zone": 0.04026378912621991,
    "neural_output_bias": -0.1947767661107913,
    "use_adaptive_mutation": false
  },
  "best_fitness_per_seed": [
    240.8388671875
  ],
  "avg_fitness_per_seed": [
    14.471309536720316
  ],
  "mean_best_fitness": 240.8388671875,
  "mean_avg_fitness": 14.471309536720316
}