{
  "trial_id": 113,
  "params": {
    "neat_initial_connectivity": "full",
    "neat_add_connection_rate": 0.5817640786568115,
    "neat_add_node_rate": 0.1303382502661722,
    "neat_enable_rate": 0.09928099970618764,
    "neat_disable_rate": 0.07599574629091038,
    "neat_max_hidden_nodes": 33,
    "weight_mutation_rate": 0.8754772826287085,
    "weight_mutation_magnitude": 0.7447876445782429,
    "compatibility_threshold": 4.179202343165425,
    "neat_excess_coefficient": 0.5201975874839351,
    "neat_disjoint_coefficient": 1.0361565891112905,
    "neat_weight_coefficient": 0.19905986173657828,
    "min_species_size": 1,
    "mutation_rate": 0.3171275676095562,
    "mutation_magnitude": 0.3678970544195723,
    "cull_percentage": 0.3143914122588828,
    "use_crossover": true,
    "crossover_rate": 0.783042587680566,
    "use_proprioception": true,
    "proprioception_inputs": "strain",
    "min_nodes": 4,
    "max_nodes": 5,
    "max_muscles": 12,
    "time_encoding": "cyclic",
    "bias_mode": "node",
    "neural_dead_zone": 0.035074729531983186,
    "neural_output_bias": -0.21284933423561403,
    "use_adaptive_mutation": false
  },
  "best_fitness_per_seed": [
    199.86032104492188
  ],
  "avg_fitness_per_seed": [
    27.113638159247735
  ],
  "mean_best_fitness": 199.86032104492188,
  "mean_avg_fitness": 27.113638159247735
}