{
  "trial_id": 36,
  "params": {
    "neat_initial_connectivity": "sparse_inputs",
    "neat_add_connection_rate": 0.48816102959053925,
    "neat_add_node_rate": 0.12160318796646868,
    "neat_enable_rate": 0.06530624510368097,
    "neat_disable_rate": 0.08813385747717052,
    "neat_max_hidden_nodes": 11,
    "weight_mutation_rate": 0.5916110683060795,
    "weight_mutation_magnitude": 0.3878275879786066,
    "compatibility_threshold": 4.581620494158616,
    "neat_excess_coefficient": 1.2281255910876805,
    "neat_disjoint_coefficient": 0.9699460432753684,
    "neat_weight_coefficient": 0.46929962783189383,
    "min_species_size": 3,
    "mutation_rate": 0.5536748628532976,
    "mutation_magnitude": 0.14557920082618958,
    "cull_percentage": 0.48210935225716556,
    "use_crossover": true,
    "crossover_rate": 0.6274268535600049,
    "use_proprioception": true,
    "proprioception_inputs": "ground",
    "min_nodes": 3,
    "max_nodes": 7,
    "max_muscles": 16,
    "time_encoding": "cyclic",
    "bias_mode": "node",
    "neural_dead_zone": 0.13124988181332886,
    "neural_output_bias": -0.14053311213248137,
    "use_adaptive_mutation": true,
    "stagnation_threshold": 22,
    "adaptive_mutation_boost": 2.6011343961716906
  },
  "best_fitness_per_seed": [
    199.79193115234375
  ],
  "avg_fitness_per_seed": [
    20.88085504680872
  ],
  "mean_best_fitness": 199.79193115234375,
  "mean_avg_fitness": 20.88085504680872
}