{
  "trial_id": 98,
  "params": {
    "neat_initial_connectivity": "full",
    "neat_add_connection_rate": 0.4575273810542743,
    "neat_add_node_rate": 0.16834483188937888,
    "neat_enable_rate": 0.05124350051947605,
    "neat_disable_rate": 0.028820400484835074,
    "neat_max_hidden_nodes": 15,
    "weight_mutation_rate": 0.9156276089788059,
    "weight_mutation_magnitude": 0.42403897832168247,
    "compatibility_threshold": 1.1483985185143895,
    "neat_excess_coefficient": 1.896648663303767,
    "neat_disjoint_coefficient": 0.9294218024129273,
    "neat_weight_coefficient": 0.37694953219392013,
    "min_species_size": 1,
    "mutation_rate": 0.16857336641198548,
    "mutation_magnitude": 0.49479962933997956,
    "cull_percentage": 0.751491962308357,
    "use_crossover": true,
    "crossover_rate": 0.7473317398636954,
    "use_proprioception": false,
    "min_nodes": 4,
    "max_nodes": 10,
    "max_muscles": 16,
    "time_encoding": "cyclic",
    "bias_mode": "bias_node",
    "neural_dead_zone": 0.18584984065019594,
    "neural_output_bias": -0.23529892428055466,
    "use_adaptive_mutation": true,
    "stagnation_threshold": 10,
    "adaptive_mutation_boost": 1.6865026682276443
  },
  "best_fitness_per_seed": [
    218.16265869140625
  ],
  "avg_fitness_per_seed": [
    12.887464070792
  ],
  "mean_best_fitness": 218.16265869140625,
  "mean_avg_fitness": 12.887464070792
}