{
  "trial_id": 110,
  "params": {
    "neat_initial_connectivity": "full",
    "neat_add_connection_rate": 0.222159420788052,
    "neat_add_node_rate": 0.04143537770370829,
    "neat_enable_rate": 0.010668868674093246,
    "neat_disable_rate": 0.017869815412874922,
    "neat_max_hidden_nodes": 37,
    "weight_mutation_rate": 0.5088819139050753,
    "weight_mutation_magnitude": 0.20944041724614593,
    "compatibility_threshold": 2.239805340563823,
    "neat_excess_coefficient": 0.6958272584748028,
    "neat_disjoint_coefficient": 0.5828867598062019,
    "neat_weight_coefficient": 0.5730531268201776,
    "min_species_size": 4,
    "mutation_rate": 0.41652673778612814,
    "mutation_magnitude": 0.1502351590725356,
    "cull_percentage": 0.5646431843508435,
    "use_crossover": true,
    "crossover_rate": 0.5154739487146494,
    "use_proprioception": true,
    "proprioception_inputs": "velocity",
    "min_nodes": 3,
    "max_nodes": 10,
    "max_muscles": 12,
    "time_encoding": "cyclic",
    "bias_mode": "bias_node",
    "neural_dead_zone": 0.15553829775787967,
    "neural_output_bias": -0.08660907859244515,
    "use_adaptive_mutation": false
  },
  "best_fitness_per_seed": [
    199.83287048339844
  ],
  "avg_fitness_per_seed": [
    37.148708203534284
  ],
  "mean_best_fitness": 199.83287048339844,
  "mean_avg_fitness": 37.148708203534284
}