{
  "trial_id": 93,
  "params": {
    "neat_initial_connectivity": "none",
    "neat_add_connection_rate": 0.32664904920743965,
    "neat_add_node_rate": 0.030428852036817215,
    "neat_enable_rate": 0.037673608334229704,
    "neat_disable_rate": 0.07125841480703585,
    "neat_max_hidden_nodes": 18,
    "weight_mutation_rate": 0.8981672508552008,
    "weight_mutation_magnitude": 0.674375126542834,
    "compatibility_threshold": 1.1168727418705555,
    "neat_excess_coefficient": 0.7818678532598358,
    "neat_disjoint_coefficient": 1.5714728717289796,
    "neat_weight_coefficient": 0.2749501238931376,
    "min_species_size": 3,
    "mutation_rate": 0.49990109608385436,
    "mutation_magnitude": 0.3996107919767934,
    "cull_percentage": 0.5612404317708681,
    "use_crossover": true,
    "crossover_rate": 0.5218476960428684,
    "use_proprioception": true,
    "proprioception_inputs": "ground",
    "min_nodes": 3,
    "max_nodes": 9,
    "max_muscles": 11,
    "time_encoding": "cyclic",
    "bias_mode": "node",
    "neural_dead_zone": 0.16558902613305038,
    "neural_output_bias": -0.1919504276019286,
    "use_adaptive_mutation": false
  },
  "best_fitness_per_seed": [
    299.8158874511719
  ],
  "avg_fitness_per_seed": [
    16.227840830783048
  ],
  "mean_best_fitness": 299.8158874511719,
  "mean_avg_fitness": 16.227840830783048
}