{
  "trial_id": 63,
  "params": {
    "neat_initial_connectivity": "sparse_inputs",
    "neat_add_connection_rate": 0.5820192124041587,
    "neat_add_node_rate": 0.14487715438058743,
    "neat_enable_rate": 0.01476469214316405,
    "neat_disable_rate": 0.06679246597137307,
    "neat_max_hidden_nodes": 29,
    "weight_mutation_rate": 0.9038885520071467,
    "weight_mutation_magnitude": 0.7891297903038602,
    "compatibility_threshold": 3.0176835793235726,
    "neat_excess_coefficient": 1.1810882243734273,
    "neat_disjoint_coefficient": 0.8400717599890604,
    "neat_weight_coefficient": 0.974028833537025,
    "min_species_size": 4,
    "mutation_rate": 0.27857090595346257,
    "mutation_magnitude": 0.3136960593400463,
    "cull_percentage": 0.6503900831894741,
    "use_crossover": true,
    "crossover_rate": 0.3560868663847686,
    "use_proprioception": false,
    "min_nodes": 4,
    "max_nodes": 6,
    "max_muscles": 13,
    "time_encoding": "raw",
    "bias_mode": "node",
    "neural_dead_zone": 0.1101498941511935,
    "neural_output_bias": -0.49426514816290307,
    "use_adaptive_mutation": true,
    "stagnation_threshold": 13,
    "adaptive_mutation_boost": 2.66878886631032
  },
  "best_fitness_per_seed": [
    244.62664794921875
  ],
  "avg_fitness_per_seed": [
    15.67675311267376
  ],
  "mean_best_fitness": 244.62664794921875,
  "mean_avg_fitness": 15.67675311267376
}