{
  "trial_id": 17,
  "params": {
    "neat_initial_connectivity": "sparse_inputs",
    "neat_add_connection_rate": 0.2304224488591371,
    "neat_add_node_rate": 0.24345381678669023,
    "neat_enable_rate": 0.04808467055021307,
    "neat_disable_rate": 0.07023952243031473,
    "neat_max_hidden_nodes": 26,
    "weight_mutation_rate": 0.4866011665837527,
    "weight_mutation_magnitude": 0.34448332315932406,
    "compatibility_threshold": 3.3238395394768205,
    "neat_excess_coefficient": 0.9335741597130465,
    "neat_disjoint_coefficient": 0.6092759557368606,
    "neat_weight_coefficient": 0.9424580682766873,
    "min_species_size": 4,
    "mutation_rate": 0.5419525716492647,
    "mutation_magnitude": 0.14954837003860463,
    "cull_percentage": 0.7788837696443757,
    "use_crossover": true,
    "crossover_rate": 0.7457388885219822,
    "use_proprioception": true,
    "proprioception_inputs": "ground",
    "min_nodes": 3,
    "max_nodes": 9,
    "max_muscles": 11,
    "time_encoding": "sin_raw",
    "bias_mode": "bias_node",
    "neural_dead_zone": 0.10247179163913839,
    "neural_output_bias": -0.22371478576819287,
    "use_adaptive_mutation": false
  },
  "best_fitness_per_seed": [
    257.0725402832031
  ],
  "avg_fitness_per_seed": [
    16.60267140644292
  ],
  "mean_best_fitness": 257.0725402832031,
  "mean_avg_fitness": 16.60267140644292
}