{
  "trial_id": 119,
  "params": {
    "neat_initial_connectivity": "sparse_inputs",
    "neat_add_connection_rate": 0.18955330553712402,
    "neat_add_node_rate": 0.13856637662616297,
    "neat_enable_rate": 0.06737763363893025,
    "neat_disable_rate": 0.04576009984696688,
    "neat_max_hidden_nodes": 27,
    "weight_mutation_rate": 0.6318622500654769,
    "weight_mutation_magnitude": 0.5607472153435022,
    "compatibility_threshold": 1.6317416527200495,
    "neat_excess_coefficient": 1.0842547050344624,
    "neat_disjoint_coefficient": 1.480099610663852,
    "neat_weight_coefficient": 0.48989124162175113,
    "min_species_size": 2,
    "mutation_rate": 0.174496290316105,
    "mutation_magnitude": 0.47004299000203875,
    "cull_percentage": 0.7170143999260242,
    "use_crossover": true,
    "crossover_rate": 0.7528314200552617,
    "use_proprioception": true,
    "proprioception_inputs": "velocity",
    "min_nodes": 4,
    "max_nodes": 6,
    "max_muscles": 16,
    "time_encoding": "cyclic",
    "bias_mode": "node",
    "neural_dead_zone": 0.06858859036784007,
    "neural_output_bias": -0.4283481471556148,
    "use_adaptive_mutation": false
  },
  "best_fitness_per_seed": [
    204.6943359375
  ],
  "avg_fitness_per_seed": [
    11.849974955668053
  ],
  "mean_best_fitness": 204.6943359375,
  "mean_avg_fitness": 11.849974955668053
}