{
  "trial_id": 52,
  "params": {
    "neat_initial_connectivity": "sparse_outputs",
    "neat_add_connection_rate": 0.3425628739846127,
    "neat_add_node_rate": 0.20973416184718302,
    "neat_enable_rate": 0.017796322676048814,
    "neat_disable_rate": 0.0687494157324197,
    "neat_max_hidden_nodes": 48,
    "weight_mutation_rate": 0.4471725797979106,
    "weight_mutation_magnitude": 0.5301678829792423,
    "compatibility_threshold": 2.774747520790969,
    "neat_excess_coefficient": 1.704478573801079,
    "neat_disjoint_coefficient": 0.8406053423371488,
    "neat_weight_coefficient": 0.975774509667166,
    "min_species_size": 1,
    "mutation_rate": 0.4687215718864818,
    "mutation_magnitude": 0.44193723670260876,
    "cull_percentage": 0.7901547862732107,
    "use_crossover": true,
    "crossover_rate": 0.3877909708672771,
    "use_proprioception": false,
    "min_nodes": 4,
    "max_nodes": 9,
    "max_muscles": 16,
    "time_encoding": "cyclic",
    "bias_mode": "bias_node",
    "neural_dead_zone": 0.023755692825389387,
    "neural_output_bias": -0.1068099678740046,
    "use_adaptive_mutation": false
  },
  "best_fitness_per_seed": [
    199.8815460205078
  ],
  "avg_fitness_per_seed": [
    14.10216384169956
  ],
  "mean_best_fitness": 199.8815460205078,
  "mean_avg_fitness": 14.10216384169956
}