{
  "trial_id": 30,
  "params": {
    "neat_initial_connectivity": "sparse_inputs",
    "neat_add_connection_rate": 0.3537184537305547,
    "neat_add_node_rate": 0.2393250483211922,
    "neat_enable_rate": 0.05349045704302441,
    "neat_disable_rate": 0.001330540950002035,
    "neat_max_hidden_nodes": 46,
    "weight_mutation_rate": 0.5095145387294082,
    "weight_mutation_magnitude": 0.2985794160694558,
    "compatibility_threshold": 1.8788839343267756,
    "neat_excess_coefficient": 1.1048710811596254,
    "neat_disjoint_coefficient": 1.8441506646961645,
    "neat_weight_coefficient": 0.5878952800408077,
    "min_species_size": 2,
    "mutation_rate": 0.26199856208878225,
    "mutation_magnitude": 0.40033563337501477,
    "cull_percentage": 0.7063175926715868,
    "use_crossover": true,
    "crossover_rate": 0.307596189593795,
    "use_proprioception": false,
    "min_nodes": 3,
    "max_nodes": 12,
    "max_muscles": 12,
    "time_encoding": "none",
    "bias_mode": "bias_node",
    "neural_dead_zone": 0.15418398694194257,
    "neural_output_bias": -0.20844227417759714,
    "use_adaptive_mutation": false
  },
  "best_fitness_per_seed": [
    307.5050964355469
  ],
  "avg_fitness_per_seed": [
    14.264842365880808
  ],
  "mean_best_fitness": 307.5050964355469,
  "mean_avg_fitness": 14.264842365880808
}