{
  "trial_id": 56,
  "params": {
    "neat_initial_connectivity": "sparse_outputs",
    "neat_add_connection_rate": 0.31882928642940883,
    "neat_add_node_rate": 0.031916149919528486,
    "neat_enable_rate": 0.02843368586561733,
    "neat_disable_rate": 0.07973157861468101,
    "neat_max_hidden_nodes": 41,
    "weight_mutation_rate": 0.6126661846787428,
    "weight_mutation_magnitude": 0.4183817243238601,
    "compatibility_threshold": 2.6843780315791235,
    "neat_excess_coefficient": 0.7125499335148937,
    "neat_disjoint_coefficient": 1.0429119714473016,
    "neat_weight_coefficient": 0.2867743300294652,
    "min_species_size": 3,
    "mutation_rate": 0.12858797625995852,
    "mutation_magnitude": 0.27113120093556226,
    "cull_percentage": 0.30018274315116705,
    "use_crossover": true,
    "crossover_rate": 0.7086622106256808,
    "use_proprioception": true,
    "proprioception_inputs": "ground",
    "min_nodes": 3,
    "max_nodes": 12,
    "max_muscles": 20,
    "time_encoding": "sin",
    "bias_mode": "node",
    "neural_dead_zone": 0.1223043776951806,
    "neural_output_bias": -0.02459897069945355,
    "use_adaptive_mutation": true,
    "stagnation_threshold": 15,
    "adaptive_mutation_boost": 2.9329746523503717
  },
  "best_fitness_per_seed": [
    199.71128845214844
  ],
  "avg_fitness_per_seed": [
    27.229609733695785
  ],
  "mean_best_fitness": 199.71128845214844,
  "mean_avg_fitness": 27.229609733695785
}