{
  "trial_id": 90,
  "params": {
    "neat_initial_connectivity": "sparse_outputs",
    "neat_add_connection_rate": 0.582274432404343,
    "neat_add_node_rate": 0.08518992606299398,
    "neat_enable_rate": 0.006105727864729927,
    "neat_disable_rate": 0.08108768819201032,
    "neat_max_hidden_nodes": 12,
    "weight_mutation_rate": 0.5946215217055159,
    "weight_mutation_magnitude": 0.2945048506522948,
    "compatibility_threshold": 4.534398373383214,
    "neat_excess_coefficient": 0.9283548252739,
    "neat_disjoint_coefficient": 1.3776272046446008,
    "neat_weight_coefficient": 0.6532340964670204,
    "min_species_size": 1,
    "mutation_rate": 0.5194100482233044,
    "mutation_magnitude": 0.46586351811841287,
    "cull_percentage": 0.4446707167470751,
    "use_crossover": true,
    "crossover_rate": 0.4545320760813846,
    "use_proprioception": false,
    "min_nodes": 4,
    "max_nodes": 12,
    "max_muscles": 9,
    "time_encoding": "sin",
    "bias_mode": "node",
    "neural_dead_zone": 0.14033187523977153,
    "neural_output_bias": -0.34655616676927664,
    "use_adaptive_mutation": true,
    "stagnation_threshold": 18,
    "adaptive_mutation_boost": 2.468128761712586
  },
  "best_fitness_per_seed": [
    242.4728546142578
  ],
  "avg_fitness_per_seed": [
    39.82299674287438
  ],
  "mean_best_fitness": 242.4728546142578,
  "mean_avg_fitness": 39.82299674287438
}