{
  "trial_id": 78,
  "params": {
    "neat_initial_connectivity": "none",
    "neat_add_connection_rate": 0.4006857350063319,
    "neat_add_node_rate": 0.10551228235310793,
    "neat_enable_rate": 0.03546529834087116,
    "neat_disable_rate": 0.014538321304786862,
    "neat_max_hidden_nodes": 37,
    "weight_mutation_rate": 0.460167654280685,
    "weight_mutation_magnitude": 0.10921275529260549,
    "compatibility_threshold": 4.350865468572539,
    "neat_excess_coefficient": 0.524538821776604,
    "neat_disjoint_coefficient": 0.5364170466579234,
    "neat_weight_coefficient": 0.35694722472266627,
    "min_species_size": 5,
    "mutation_rate": 0.17205660329171693,
    "mutation_magnitude": 0.2713768793622279,
    "cull_percentage": 0.6726190500271141,
    "use_crossover": true,
    "crossover_rate": 0.7961098035387089,
    "use_proprioception": false,
    "min_nodes": 4,
    "max_nodes": 7,
    "max_muscles": 16,
    "time_encoding": "cyclic",
    "bias_mode": "node",
    "neural_dead_zone": 0.07936075692047684,
    "neural_output_bias": -0.001096811247284668,
    "use_adaptive_mutation": false
  },
  "best_fitness_per_seed": [
    252.6982421875
  ],
  "avg_fitness_per_seed": [
    21.14013194333141
  ],
  "mean_best_fitness": 252.6982421875,
  "mean_avg_fitness": 21.14013194333141
}