{
  "trial_id": 89,
  "params": {
    "neat_initial_connectivity": "none",
    "neat_add_connection_rate": 0.3477408967877883,
    "neat_add_node_rate": 0.2605730838257405,
    "neat_enable_rate": 0.04755728518802077,
    "neat_disable_rate": 0.031130022437586804,
    "neat_max_hidden_nodes": 30,
    "weight_mutation_rate": 0.7688507063413096,
    "weight_mutation_magnitude": 0.6636562685106988,
    "compatibility_threshold": 3.8270512971383877,
    "neat_excess_coefficient": 1.826898150996582,
    "neat_disjoint_coefficient": 0.8628724928027897,
    "neat_weight_coefficient": 0.3939531480352826,
    "min_species_size": 1,
    "mutation_rate": 0.28842587337733483,
    "mutation_magnitude": 0.23917010326610147,
    "cull_percentage": 0.6166239649599777,
    "use_crossover": true,
    "crossover_rate": 0.7762962819619301,
    "use_proprioception": true,
    "proprioception_inputs": "all",
    "min_nodes": 4,
    "max_nodes": 12,
    "max_muscles": 10,
    "time_encoding": "sin",
    "bias_mode": "node",
    "neural_dead_zone": 0.003412252146964412,
    "neural_output_bias": -0.39158276628251854,
    "use_adaptive_mutation": true,
    "stagnation_threshold": 27,
    "adaptive_mutation_boost": 2.887566113419834
  },
  "best_fitness_per_seed": [
    107.26283264160156
  ],
  "avg_fitness_per_seed": [
    10.26290728415052
  ],
  "mean_best_fitness": 107.26283264160156,
  "mean_avg_fitness": 10.26290728415052
}