{
  "trial_id": 14,
  "params": {
    "neat_initial_connectivity": "none",
    "neat_add_connection_rate": 0.4623147790975738,
    "neat_add_node_rate": 0.2548878257123404,
    "neat_enable_rate": 0.053911997514208145,
    "neat_disable_rate": 0.06513031952527473,
    "neat_max_hidden_nodes": 11,
    "weight_mutation_rate": 0.9437104890260649,
    "weight_mutation_magnitude": 0.7221394035896965,
    "compatibility_threshold": 4.12612601116116,
    "neat_excess_coefficient": 1.7526264370360942,
    "neat_disjoint_coefficient": 0.90375307756522,
    "neat_weight_coefficient": 0.5817985185962165,
    "min_species_size": 4,
    "mutation_rate": 0.3630305282749743,
    "mutation_magnitude": 0.3249554135459335,
    "cull_percentage": 0.6281377528631105,
    "use_crossover": true,
    "crossover_rate": 0.39565610008045604,
    "use_proprioception": false,
    "min_nodes": 4,
    "max_nodes": 7,
    "max_muscles": 18,
    "time_encoding": "sin",
    "bias_mode": "node",
    "neural_dead_zone": 0.046675904435003295,
    "neural_output_bias": -0.4702915160602922,
    "use_adaptive_mutation": false
  },
  "best_fitness_per_seed": [
    255.95594787597656
  ],
  "avg_fitness_per_seed": [
    33.637072272052364
  ],
  "mean_best_fitness": 255.95594787597656,
  "mean_avg_fitness": 33.637072272052364
}