{
  "trial_id": 58,
  "params": {
    "neat_initial_connectivity": "full",
    "neat_add_connection_rate": 0.20073908500675886,
    "neat_add_node_rate": 0.14198935013407832,
    "neat_enable_rate": 0.08999783944703198,
    "neat_disable_rate": 0.012854184017012327,
    "neat_max_hidden_nodes": 36,
    "weight_mutation_rate": 0.5702491622945862,
    "weight_mutation_magnitude": 0.24941840547505922,
    "compatibility_threshold": 2.562422551097419,
    "neat_excess_coefficient": 0.961740678702542,
    "neat_disjoint_coefficient": 1.046138105726821,
    "neat_weight_coefficient": 0.4636578675226668,
    "min_species_size": 4,
    "mutation_rate": 0.38228435266411376,
    "mutation_magnitude": 0.12108322232454843,
    "cull_percentage": 0.6388836066351515,
    "use_crossover": true,
    "crossover_rate": 0.46476050210569503,
    "use_proprioception": true,
    "proprioception_inputs": "all",
    "min_nodes": 4,
    "max_nodes": 5,
    "max_muscles": 8,
    "time_encoding": "cyclic",
    "bias_mode": "node",
    "neural_dead_zone": 0.15756108347007597,
    "neural_output_bias": -0.4371039808049776,
    "use_adaptive_mutation": true,
    "stagnation_threshold": 10,
    "adaptive_mutation_boost": 2.496309445280314
  },
  "best_fitness_per_seed": [
    199.7618408203125
  ],
  "avg_fitness_per_seed": [
    37.12522945006688
  ],
  "mean_best_fitness": 199.7618408203125,
  "mean_avg_fitness": 37.12522945006688
}