{
  "trial_id": 25,
  "params": {
    "neat_initial_connectivity": "none",
    "neat_add_connection_rate": 0.44500894466699026,
    "neat_add_node_rate": 0.2668960700504772,
    "neat_enable_rate": 0.03683932003405495,
    "neat_disable_rate": 0.04360378259501686,
    "neat_max_hidden_nodes": 43,
    "weight_mutation_rate": 0.5934442488943019,
    "weight_mutation_magnitude": 0.48915650737454863,
    "compatibility_threshold": 3.423140703194675,
    "neat_excess_coefficient": 1.9800993648919214,
    "neat_disjoint_coefficient": 1.9136554086284294,
    "neat_weight_coefficient": 0.2680498347684061,
    "min_species_size": 1,
    "mutation_rate": 0.1353489310437597,
    "mutation_magnitude": 0.23929463575382937,
    "cull_percentage": 0.46426291882078563,
    "use_crossover": true,
    "crossover_rate": 0.206368061651346,
    "use_proprioception": false,
    "min_nodes": 4,
    "max_nodes": 10,
    "max_muscles": 16,
    "time_encoding": "none",
    "bias_mode": "node",
    "neural_dead_zone": 0.005987857662892249,
    "neural_output_bias": -0.3133892740229196,
    "use_adaptive_mutation": false
  },
  "best_fitness_per_seed": [
    403.9552307128906
  ],
  "avg_fitness_per_seed": [
    28.039493046849966
  ],
  "mean_best_fitness": 403.9552307128906,
  "mean_avg_fitness": 28.039493046849966
}