{
  "trial_id": 111,
  "params": {
    "neat_initial_connectivity": "sparse_inputs",
    "neat_add_connection_rate": 0.39013079337966133,
    "neat_add_node_rate": 0.10500423870431529,
    "neat_enable_rate": 0.0268055818645224,
    "neat_disable_rate": 0.0912785554650878,
    "neat_max_hidden_nodes": 10,
    "weight_mutation_rate": 0.45437368213809287,
    "weight_mutation_magnitude": 0.5687263324054797,
    "compatibility_threshold": 3.308498357424985,
    "neat_excess_coefficient": 1.4694721511294824,
    "neat_disjoint_coefficient": 1.2318541286206006,
    "neat_weight_coefficient": 0.44031690828835146,
    "min_species_size": 4,
    "mutation_rate": 0.4776780983174035,
    "mutation_magnitude": 0.23056696464707152,
    "cull_percentage": 0.4944428525498472,
    "use_crossover": true,
    "crossover_rate": 0.6569328309994849,
    "use_proprioception": false,
    "min_nodes": 4,
    "max_nodes": 12,
    "max_muscles": 19,
    "time_encoding": "raw",
    "bias_mode": "node",
    "neural_dead_zone": 0.11329464012182909,
    "neural_output_bias": -0.17845620078290442,
    "use_adaptive_mutation": true,
    "stagnation_threshold": 30,
    "adaptive_mutation_boost": 2.8120792174067786
  },
  "best_fitness_per_seed": [
    313.8551025390625
  ],
  "avg_fitness_per_seed": [
    19.353451941336196
  ],
  "mean_best_fitness": 313.8551025390625,
  "mean_avg_fitness": 19.353451941336196
}