{
  "trial_id": 47,
  "params": {
    "neat_initial_connectivity": "full",
    "neat_add_connection_rate": 0.5268908189950701,
    "neat_add_node_rate": 0.013416661624944252,
    "neat_enable_rate": 0.013853546253332273,
    "neat_disable_rate": 0.049297603901923503,
    "neat_max_hidden_nodes": 12,
    "weight_mutation_rate": 0.6166770453090102,
    "weight_mutation_magnitude": 0.11758185328841309,
    "compatibility_threshold": 2.393566321028813,
    "neat_excess_coefficient": 1.6015126424669095,
    "neat_disjoint_coefficient": 1.8393057418931675,
    "neat_weight_coefficient": 0.43147761155198694,
    "min_species_size": 2,
    "mutation_rate": 0.41565126695055754,
    "mutation_magnitude": 0.2985182327225959,
    "cull_percentage": 0.5066408876759866,
    "use_crossover": true,
    "crossover_rate": 0.3593747821197629,
    "use_proprioception": true,
    "proprioception_inputs": "ground",
    "min_nodes": 4,
    "max_nodes": 5,
    "max_muscles": 20,
    "time_encoding": "sin",
    "bias_mode": "bias_node",
    "neural_dead_zone": 0.005076915776781288,
    "neural_output_bias": -0.09141703057777334,
    "use_adaptive_mutation": false
  },
  "best_fitness_per_seed": [
    156.48263549804688
  ],
  "avg_fitness_per_seed": [
    19.6433228067557
  ],
  "mean_best_fitness": 156.48263549804688,
  "mean_avg_fitness": 19.6433228067557
}