{
  "trial_id": 42,
  "params": {
    "neat_initial_connectivity": "none",
    "neat_add_connection_rate": 0.37525278918075716,
    "neat_add_node_rate": 0.19440783673543346,
    "neat_enable_rate": 0.011400199122720845,
    "neat_disable_rate": 0.03537738036566917,
    "neat_max_hidden_nodes": 22,
    "weight_mutation_rate": 0.8841211571995401,
    "weight_mutation_magnitude": 0.7262166564699779,
    "compatibility_threshold": 3.9587022115239083,
    "neat_excess_coefficient": 1.655084519108245,
    "neat_disjoint_coefficient": 0.7250600036292425,
    "neat_weight_coefficient": 0.27636085437661084,
    "min_species_size": 3,
    "mutation_rate": 0.4102213983236126,
    "mutation_magnitude": 0.18496815134163294,
    "cull_percentage": 0.4047344927144118,
    "use_crossover": true,
    "crossover_rate": 0.246373294627068,
    "use_proprioception": false,
    "min_nodes": 4,
    "max_nodes": 6,
    "max_muscles": 15,
    "time_encoding": "raw",
    "bias_mode": "bias_node",
    "neural_dead_zone": 0.1490352133013536,
    "neural_output_bias": -0.4655258320337637,
    "use_adaptive_mutation": true,
    "stagnation_threshold": 27,
    "adaptive_mutation_boost": 1.6264942455664242
  },
  "best_fitness_per_seed": [
    283.24151611328125
  ],
  "avg_fitness_per_seed": [
    26.58506454419034
  ],
  "mean_best_fitness": 283.24151611328125,
  "mean_avg_fitness": 26.58506454419034
}