{
  "trial_id": 19,
  "params": {
    "neat_initial_connectivity": "none",
    "neat_add_connection_rate": 0.2625962413890456,
    "neat_add_node_rate": 0.08113620319119753,
    "neat_enable_rate": 0.08053681693508417,
    "neat_disable_rate": 0.08375191981232784,
    "neat_max_hidden_nodes": 28,
    "weight_mutation_rate": 0.4912008094530712,
    "weight_mutation_magnitude": 0.2679138413179084,
    "compatibility_threshold": 2.467991756929736,
    "neat_excess_coefficient": 1.1480662878299923,
    "neat_disjoint_coefficient": 0.8978973888795589,
    "neat_weight_coefficient": 0.8914397054867929,
    "min_species_size": 1,
    "mutation_rate": 0.5931073209013316,
    "mutation_magnitude": 0.17049976120210175,
    "cull_percentage": 0.6142433133846839,
    "use_crossover": true,
    "crossover_rate": 0.6231146781841372,
    "use_proprioception": true,
    "proprioception_inputs": "all",
    "min_nodes": 3,
    "max_nodes": 10,
    "max_muscles": 17,
    "time_encoding": "cyclic",
    "bias_mode": "bias_node",
    "neural_dead_zone": 0.12517095065212133,
    "neural_output_bias": -0.19815331660112834,
    "use_adaptive_mutation": true,
    "stagnation_threshold": 10,
    "adaptive_mutation_boost": 2.580373279348627
  },
  "best_fitness_per_seed": [
    260.1938781738281
  ],
  "avg_fitness_per_seed": [
    16.778526001659532
  ],
  "mean_best_fitness": 260.1938781738281,
  "mean_avg_fitness": 16.778526001659532
}