{
  "trial_id": 88,
  "params": {
    "neat_initial_connectivity": "none",
    "neat_add_connection_rate": 0.4268013898281272,
    "neat_add_node_rate": 0.16755552372265584,
    "neat_enable_rate": 0.002942994434018409,
    "neat_disable_rate": 0.05956346656053077,
    "neat_max_hidden_nodes": 43,
    "weight_mutation_rate": 0.9079491298059407,
    "weight_mutation_magnitude": 0.5004325172785374,
    "compatibility_threshold": 3.910114467535817,
    "neat_excess_coefficient": 0.5614052397715608,
    "neat_disjoint_coefficient": 1.8690016091071233,
    "neat_weight_coefficient": 0.9241245563427879,
    "min_species_size": 2,
    "mutation_rate": 0.1964366047202367,
    "mutation_magnitude": 0.40114166752264546,
    "cull_percentage": 0.6276612259826974,
    "use_crossover": true,
    "crossover_rate": 0.3351736890627794,
    "use_proprioception": true,
    "proprioception_inputs": "velocity",
    "min_nodes": 3,
    "max_nodes": 6,
    "max_muscles": 20,
    "time_encoding": "cyclic",
    "bias_mode": "bias_node",
    "neural_dead_zone": 0.1016373850942131,
    "neural_output_bias": -0.3735632186236454,
    "use_adaptive_mutation": true,
    "stagnation_threshold": 11,
    "adaptive_mutation_boost": 2.5906303844441934
  },
  "best_fitness_per_seed": [
    199.97764587402344
  ],
  "avg_fitness_per_seed": [
    19.438179967477918
  ],
  "mean_best_fitness": 199.97764587402344,
  "mean_avg_fitness": 19.438179967477918
}