{
  "trial_id": 15,
  "params": {
    "neat_initial_connectivity": "none",
    "neat_add_connection_rate": 0.4407166359716373,
    "neat_add_node_rate": 0.07832653545771888,
    "neat_enable_rate": 0.04274581495298481,
    "neat_disable_rate": 0.09420281339972146,
    "neat_max_hidden_nodes": 22,
    "weight_mutation_rate": 0.6334931536159003,
    "weight_mutation_magnitude": 0.7708573000766523,
    "compatibility_threshold": 1.4506684563546108,
    "neat_excess_coefficient": 0.7313499790489828,
    "neat_disjoint_coefficient": 1.6755000219698306,
    "neat_weight_coefficient": 0.495890385469698,
    "min_species_size": 1,
    "mutation_rate": 0.2750692771144684,
    "mutation_magnitude": 0.10009565830961874,
    "cull_percentage": 0.6276110688652898,
    "use_crossover": true,
    "crossover_rate": 0.49117936069581936,
    "use_proprioception": false,
    "min_nodes": 4,
    "max_nodes": 11,
    "max_muscles": 12,
    "time_encoding": "cyclic",
    "bias_mode": "node",
    "neural_dead_zone": 0.16824085526724203,
    "neural_output_bias": -0.31118957212488374,
    "use_adaptive_mutation": false
  },
  "best_fitness_per_seed": [
    231.9967803955078
  ],
  "avg_fitness_per_seed": [
    8.486478136082491
  ],
  "mean_best_fitness": 231.9967803955078,
  "mean_avg_fitness": 8.486478136082491
}