{
  "trial_id": 114,
  "params": {
    "neat_initial_connectivity": "none",
    "neat_add_connection_rate": 0.09168874770009852,
    "neat_add_node_rate": 0.17593684727262057,
    "neat_enable_rate": 0.0976659021289327,
    "neat_disable_rate": 0.03437824028347745,
    "neat_max_hidden_nodes": 15,
    "weight_mutation_rate": 0.6388677513412333,
    "weight_mutation_magnitude": 0.5781659795906868,
    "compatibility_threshold": 4.93490934616633,
    "neat_excess_coefficient": 1.4409635566351382,
    "neat_disjoint_coefficient": 1.5804072562112401,
    "neat_weight_coefficient": 0.7017905690439739,
    "min_species_size": 2,
    "mutation_rate": 0.27572004343545287,
    "mutation_magnitude": 0.24555557940308992,
    "cull_percentage": 0.35055444690933996,
    "use_crossover": true,
    "crossover_rate": 0.2532666081245838,
    "use_proprioception": true,
    "proprioception_inputs": "ground",
    "min_nodes": 4,
    "max_nodes": 8,
    "max_muscles": 12,
    "time_encoding": "none",
    "bias_mode": "bias_node",
    "neural_dead_zone": 0.1470634335355076,
    "neural_output_bias": -0.2206350201834701,
    "use_adaptive_mutation": false
  },
  "best_fitness_per_seed": [
    170.65054321289062
  ],
  "avg_fitness_per_seed": [
    26.606385122934977
  ],
  "mean_best_fitness": 170.65054321289062,
  "mean_avg_fitness": 26.606385122934977
}