{
  "trial_id": 59,
  "params": {
    "neat_initial_connectivity": "full",
    "neat_add_connection_rate": 0.27663134178122545,
    "neat_add_node_rate": 0.09528506779512524,
    "neat_enable_rate": 0.059939108799141806,
    "neat_disable_rate": 0.023642037184566658,
    "neat_max_hidden_nodes": 24,
    "weight_mutation_rate": 0.8476363071707413,
    "weight_mutation_magnitude": 0.5394042716855925,
    "compatibility_threshold": 1.081300919848578,
    "neat_excess_coefficient": 0.7503927937353181,
    "neat_disjoint_coefficient": 1.187242885703744,
    "neat_weight_coefficient": 0.60366887040274,
    "min_species_size": 4,
    "mutation_rate": 0.2794213309281739,
    "mutation_magnitude": 0.38178370666038663,
    "cull_percentage": 0.688715398761389,
    "use_crossover": true,
    "crossover_rate": 0.6423978733221604,
    "use_proprioception": false,
    "min_nodes": 3,
    "max_nodes": 12,
    "max_muscles": 8,
    "time_encoding": "sin",
    "bias_mode": "node",
    "neural_dead_zone": 0.027439893211524048,
    "neural_output_bias": -0.3661289827022986,
    "use_adaptive_mutation": false
  },
  "best_fitness_per_seed": [
    298.6119384765625
  ],
  "avg_fitness_per_seed": [
    23.45883976370096
  ],
  "mean_best_fitness": 298.6119384765625,
  "mean_avg_fitness": 23.45883976370096
}