{
  "trial_id": 53,
  "params": {
    "neat_initial_connectivity": "full",
    "neat_add_connection_rate": 0.19144285351586815,
    "neat_add_node_rate": 0.29806183889180493,
    "neat_enable_rate": 0.007499923175615442,
    "neat_disable_rate": 0.09429650124550756,
    "neat_max_hidden_nodes": 39,
    "weight_mutation_rate": 0.8652738871204277,
    "weight_mutation_magnitude": 0.4630543119397805,
    "compatibility_threshold": 4.193497591115788,
    "neat_excess_coefficient": 0.5528881806502959,
    "neat_disjoint_coefficient": 0.9074598281512373,
    "neat_weight_coefficient": 0.42211764540693286,
    "min_species_size": 1,
    "mutation_rate": 0.21438960352836658,
    "mutation_magnitude": 0.47946226182993823,
    "cull_percentage": 0.3760363642302536,
    "use_crossover": true,
    "crossover_rate": 0.3311242534177927,
    "use_proprioception": false,
    "min_nodes": 4,
    "max_nodes": 12,
    "max_muscles": 18,
    "time_encoding": "cyclic",
    "bias_mode": "node",
    "neural_dead_zone": 0.10195308681894169,
    "neural_output_bias": -0.1456048960372211,
    "use_adaptive_mutation": false
  },
  "best_fitness_per_seed": [
    199.82606506347656
  ],
  "avg_fitness_per_seed": [
    54.76872118870417
  ],
  "mean_best_fitness": 199.82606506347656,
  "mean_avg_fitness": 54.76872118870417
}