{
  "trial_id": 91,
  "params": {
    "neat_initial_connectivity": "none",
    "neat_add_connection_rate": 0.49113878011826434,
    "neat_add_node_rate": 0.06266362879465509,
    "neat_enable_rate": 0.0004870585216059653,
    "neat_disable_rate": 0.024476633461011102,
    "neat_max_hidden_nodes": 13,
    "weight_mutation_rate": 0.5180794504911442,
    "weight_mutation_magnitude": 0.3428096526826433,
    "compatibility_threshold": 1.5731375042656817,
    "neat_excess_coefficient": 1.8092654417017895,
    "neat_disjoint_coefficient": 0.5345072273156788,
    "neat_weight_coefficient": 0.811551580228233,
    "min_species_size": 1,
    "mutation_rate": 0.21839387541551172,
    "mutation_magnitude": 0.24651566497896873,
    "cull_percentage": 0.38734971838955,
    "use_crossover": true,
    "crossover_rate": 0.6463683349699617,
    "use_proprioception": false,
    "min_nodes": 3,
    "max_nodes": 9,
    "max_muscles": 17,
    "time_encoding": "cyclic",
    "bias_mode": "bias_node",
    "neural_dead_zone": 0.11589563643482895,
    "neural_output_bias": -0.08791424151731064,
    "use_adaptive_mutation": true,
    "stagnation_threshold": 22,
    "adaptive_mutation_boost": 2.9054081050473846
  },
  "best_fitness_per_seed": [
    299.81353759765625
  ],
  "avg_fitness_per_seed": [
    20.38265834358831
  ],
  "mean_best_fitness": 299.81353759765625,
  "mean_avg_fitness": 20.38265834358831
}