{
  "study_name": "pure-full-200",
  "mode": "pure",
  "n_trials": 200,
  "generations": 200,
  "seeds": [
    42
  ],
  "population_size": 300,
  "n_workers": 3,
  "best_trial": 42,
  "best_fitness": 798.6447143554688,
  "best_params": {
    "neural_hidden_size": 8,
    "weight_mutation_rate": 0.12159573025203736,
    "weight_mutation_magnitude": 0.4357681387915183,
    "mutation_rate": 0.5756544694018502,
    "mutation_magnitude": 0.1865981805005922,
    "cull_percentage": 0.7809972526780857,
    "selection_method": "rank",
    "use_crossover": false,
    "use_proprioception": true,
    "proprioception_inputs": "all",
    "min_nodes": 3,
    "max_nodes": 9,
    "max_muscles": 14,
    "neural_dead_zone": 0.11771311448600741,
    "neural_output_bias": -0.478693754713789
  },
  "all_fitness": [
    388.12188720703125,
    545.150634765625,
    344.651611328125,
    141.51609802246094,
    562.7403564453125,
    342.92352294921875,
    248.0609588623047,
    499.6007080078125,
    299.3707275390625,
    414.69635009765625,
    121.32283020019531,
    228.43544006347656,
    360.7896423339844,
    361.7676086425781,
    112.43856811523438,
    399.7069091796875,
    714.0562744140625,
    425.4550476074219,
    174.112060546875,
    207.69435119628906,
    518.7949829101562,
    108.0753173828125,
    240.10987854003906,
    237.54159545898438,
    131.39317321777344,
    338.101318359375,
    228.25180053710938,
    216.03602600097656,
    480.0272521972656,
    364.5232849121094,
    139.6079559326172,
    415.5355529785156,
    122.11372375488281,
    228.10574340820312,
    217.9761962890625,
    353.0227355957031,
    504.69281005859375,
    121.71588897705078,
    109.57948303222656,
    367.1006164550781,
    137.1157684326172,
    410.9932556152344,
    798.6447143554688,
    223.67642211914062,
    517.7553100585938,
    393.461669921875,
    419.1548767089844,
    225.17941284179688,
    148.64862060546875,
    244.26145935058594,
    108.86860656738281,
    114.40375518798828,
    116.91516876220703,
    122.47486114501953,
    315.71551513671875,
    214.05075073242188,
    209.1439208984375,
    381.7116394042969,
    441.1495666503906,
    220.8111114501953,
    324.9837341308594,
    113.5714340209961,
    234.7018280029297,
    107.8024673461914,
    119.44950866699219,
    299.68115234375,
    292.4160461425781,
    316.13690185546875,
    125.16817474365234,
    210.94369506835938,
    106.24527740478516,
    113.2591552734375,
    484.9527282714844,
    188.01881408691406,
    390.8150634765625,
    257.895263671875,
    417.8806457519531,
    326.4737854003906,
    299.8444519042969,
    264.6587829589844,
    142.0664520263672,
    305.4290466308594,
    196.44618225097656,
    316.54217529296875,
    237.40365600585938,
    228.62701416015625,
    144.89796447753906,
    516.2205200195312,
    513.1663208007812,
    183.75120544433594,
    198.71212768554688,
    422.87982177734375,
    282.62652587890625,
    190.11611938476562,
    444.6579284667969,
    519.5706787109375,
    416.13018798828125,
    310.75164794921875,
    206.04969787597656,
    152.88140869140625,
    118.54485321044922,
    189.32925415039062,
    177.06613159179688,
    145.5323028564453,
    456.5235595703125,
    414.8656005859375,
    352.6481018066406,
    226.935302734375,
    143.99722290039062,
    131.86549377441406,
    148.54734802246094,
    232.1754608154297,
    311.1000671386719,
    169.34495544433594,
    320.66595458984375,
    519.2808227539062,
    386.24951171875,
    210.95431518554688,
    420.5140686035156,
    140.31365966796875,
    183.85853576660156,
    317.75738525390625,
    120.7292251586914,
    509.839111328125,
    137.55398559570312,
    257.1647033691406,
    112.08609771728516,
    412.9512634277344,
    320.4396057128906,
    128.62371826171875,
    190.86595153808594,
    117.2272720336914,
    416.4600524902344,
    304.5370178222656,
    286.7760314941406,
    199.7752685546875,
    225.9376983642578,
    117.45671081542969,
    190.4718017578125,
    111.19281005859375,
    244.90196228027344,
    193.34609985351562,
    293.774169921875,
    411.8481140136719,
    142.3763885498047,
    520.0049438476562,
    313.09808349609375,
    399.7956848144531,
    286.71453857421875,
    151.54525756835938,
    406.3371276855469,
    525.0856323242188,
    448.9048767089844,
    502.2554931640625,
    201.970703125,
    542.7859497070312,
    117.40800476074219,
    320.1204833984375,
    459.5750427246094,
    212.31832885742188,
    707.0870361328125,
    241.94894409179688,
    145.1017303466797,
    121.22412109375,
    299.56060791015625,
    315.5478210449219,
    547.9403076171875,
    120.04747009277344,
    252.285400390625,
    170.35292053222656,
    151.821533203125,
    146.01840209960938,
    125.14976501464844,
    142.82254028320312,
    126.22877502441406,
    129.20419311523438,
    199.73240661621094,
    416.7091064453125,
    116.75292205810547,
    587.5187377929688,
    456.74334716796875,
    156.24708557128906,
    125.67073059082031,
    115.85462951660156,
    126.54607391357422,
    103.65902709960938,
    116.31438446044922,
    355.3966369628906,
    137.44532775878906,
    486.692138671875,
    626.0794067382812,
    513.736572265625,
    199.68885803222656,
    420.6720886230469,
    324.0372314453125,
    108.3471450805664,
    286.66009521484375,
    499.0627136230469,
    189.3920440673828,
    399.57012939453125
  ]
}