{
  "trial_id": 34,
  "params": {
    "neural_hidden_size": 8,
    "weight_mutation_rate": 0.3513096592627478,
    "weight_mutation_magnitude": 0.2256817106896706,
    "mutation_rate": 0.27456780333788566,
    "mutation_magnitude": 0.4705695679367302,
    "cull_percentage": 0.6069085686481088,
    "selection_method": "rank",
    "use_crossover": false,
    "use_proprioception": false,
    "min_nodes": 4,
    "max_nodes": 5,
    "max_muscles": 14,
    "neural_dead_zone": 0.12498341722636591,
    "neural_output_bias": -0.3802296229791277
  },
  "best_fitness_per_seed": [
    228.10574340820312
  ],
  "avg_fitness_per_seed": [
    22.73080032845338
  ],
  "mean_best_fitness": 228.10574340820312,
  "mean_avg_fitness": 22.73080032845338
}