{
  "trial_id": 68,
  "params": {
    "neural_hidden_size": 20,
    "weight_mutation_rate": 0.27567406474410433,
    "weight_mutation_magnitude": 0.41841195273230214,
    "mutation_rate": 0.11304660790287455,
    "mutation_magnitude": 0.3154171796698655,
    "cull_percentage": 0.7231074054248838,
    "selection_method": "truncation",
    "use_crossover": true,
    "crossover_rate": 0.6779847475171605,
    "use_proprioception": false,
    "min_nodes": 4,
    "max_nodes": 5,
    "max_muscles": 9,
    "neural_dead_zone": 0.006967605275846301,
    "neural_output_bias": -0.3522606821282915
  },
  "best_fitness_per_seed": [
    125.16817474365234
  ],
  "avg_fitness_per_seed": [
    37.58857459902763
  ],
  "mean_best_fitness": 125.16817474365234,
  "mean_avg_fitness": 37.58857459902763
}