{
  "trial_id": 88,
  "params": {
    "neural_hidden_size": 8,
    "weight_mutation_rate": 0.40605737634506167,
    "weight_mutation_magnitude": 0.2579597190764349,
    "mutation_rate": 0.2285885937201166,
    "mutation_magnitude": 0.12389701647787127,
    "cull_percentage": 0.750401232415631,
    "selection_method": "tournament",
    "tournament_size": 5,
    "use_crossover": false,
    "use_proprioception": true,
    "proprioception_inputs": "velocity",
    "min_nodes": 4,
    "max_nodes": 8,
    "max_muscles": 18,
    "neural_dead_zone": 0.16672310941738921,
    "neural_output_bias": -0.27657042560528927
  },
  "best_fitness_per_seed": [
    513.1663208007812
  ],
  "avg_fitness_per_seed": [
    44.02710382322471
  ],
  "mean_best_fitness": 513.1663208007812,
  "mean_avg_fitness": 44.02710382322471
}