{
  "trial_id": 80,
  "params": {
    "neural_hidden_size": 4,
    "weight_mutation_rate": 0.1528626562635214,
    "weight_mutation_magnitude": 0.30229704889148823,
    "mutation_rate": 0.2076567573664039,
    "mutation_magnitude": 0.26462602889799747,
    "cull_percentage": 0.6262568117164319,
    "selection_method": "truncation",
    "use_crossover": false,
    "use_proprioception": false,
    "min_nodes": 4,
    "max_nodes": 7,
    "max_muscles": 8,
    "neural_dead_zone": 0.18505883709755525,
    "neural_output_bias": -0.008929843078924582
  },
  "best_fitness_per_seed": [
    142.0664520263672
  ],
  "avg_fitness_per_seed": [
    28.593669493993122
  ],
  "mean_best_fitness": 142.0664520263672,
  "mean_avg_fitness": 28.593669493993122
}