{
  "trial_id": 170,
  "params": {
    "neural_hidden_size": 24,
    "weight_mutation_rate": 0.47319738700228586,
    "weight_mutation_magnitude": 0.3958352488203096,
    "mutation_rate": 0.5502316971009634,
    "mutation_magnitude": 0.15047334508403046,
    "cull_percentage": 0.34130282206034984,
    "selection_method": "truncation",
    "use_crossover": false,
    "use_proprioception": true,
    "proprioception_inputs": "all",
    "min_nodes": 4,
    "max_nodes": 6,
    "max_muscles": 12,
    "neural_dead_zone": 0.07601104694555283,
    "neural_output_bias": -0.3790642363736939
  },
  "best_fitness_per_seed": [
    151.821533203125
  ],
  "avg_fitness_per_seed": [
    27.74844609161218
  ],
  "mean_best_fitness": 151.821533203125,
  "mean_avg_fitness": 27.74844609161218
}