{
  "trial_id": 161,
  "params": {
    "neural_hidden_size": 24,
    "weight_mutation_rate": 0.4325001604423758,
    "weight_mutation_magnitude": 0.2181017026644377,
    "mutation_rate": 0.21068627136251325,
    "mutation_magnitude": 0.4393011824410801,
    "cull_percentage": 0.6908590736297874,
    "selection_method": "truncation",
    "use_crossover": true,
    "crossover_rate": 0.7445861462422072,
    "use_proprioception": true,
    "proprioception_inputs": "all",
    "min_nodes": 4,
    "max_nodes": 10,
    "max_muscles": 15,
    "neural_dead_zone": 0.08576960675982655,
    "neural_output_bias": -0.4126565363225474
  },
  "best_fitness_per_seed": [
    241.94894409179688
  ],
  "avg_fitness_per_seed": [
    21.87764817267656
  ],
  "mean_best_fitness": 241.94894409179688,
  "mean_avg_fitness": 21.87764817267656
}