{
  "trial_id": 138,
  "params": {
    "neural_hidden_size": 8,
    "weight_mutation_rate": 0.14737201047854864,
    "weight_mutation_magnitude": 0.3345259817730719,
    "mutation_rate": 0.44249624086596184,
    "mutation_magnitude": 0.4281176490141766,
    "cull_percentage": 0.36402295578892724,
    "selection_method": "truncation",
    "use_crossover": false,
    "use_proprioception": true,
    "proprioception_inputs": "velocity",
    "min_nodes": 3,
    "max_nodes": 5,
    "max_muscles": 20,
    "neural_dead_zone": 0.15410379068692517,
    "neural_output_bias": -0.30187364046332615
  },
  "best_fitness_per_seed": [
    190.4718017578125
  ],
  "avg_fitness_per_seed": [
    22.429474505533776
  ],
  "mean_best_fitness": 190.4718017578125,
  "mean_avg_fitness": 22.429474505533776
}