{
  "trial_id": 127,
  "params": {
    "neural_hidden_size": 8,
    "weight_mutation_rate": 0.40054041864865975,
    "weight_mutation_magnitude": 0.5679066113059383,
    "mutation_rate": 0.12387721447536051,
    "mutation_magnitude": 0.18014766787818481,
    "cull_percentage": 0.49060974500520244,
    "selection_method": "truncation",
    "use_crossover": true,
    "crossover_rate": 0.35936455717792637,
    "use_proprioception": false,
    "min_nodes": 4,
    "max_nodes": 9,
    "max_muscles": 18,
    "neural_dead_zone": 0.19454545162188963,
    "neural_output_bias": -0.4869847687953908
  },
  "best_fitness_per_seed": [
    112.08609771728516
  ],
  "avg_fitness_per_seed": [
    28.581423665583134
  ],
  "mean_best_fitness": 112.08609771728516,
  "mean_avg_fitness": 28.581423665583134
}