{
  "trial_id": 2,
  "params": {
    "neural_hidden_size": 20,
    "weight_mutation_rate": 0.23043824068803198,
    "weight_mutation_magnitude": 0.45475976843994026,
    "mutation_rate": 0.4777459622299267,
    "mutation_magnitude": 0.12174951930391593,
    "cull_percentage": 0.4144358078517048,
    "selection_method": "truncation",
    "use_crossover": true,
    "crossover_rate": 0.22587972014711197,
    "use_proprioception": true,
    "proprioception_inputs": "all",
    "min_nodes": 4,
    "max_nodes": 11,
    "max_muscles": 19,
    "neural_dead_zone": 0.10229267290601736,
    "neural_output_bias": -0.26144119970678353
  },
  "best_fitness_per_seed": [
    545.150634765625
  ],
  "avg_fitness_per_seed": [
    47.35948394378026
  ],
  "mean_best_fitness": 545.150634765625,
  "mean_avg_fitness": 47.35948394378026
}