{
  "trial_id": 195,
  "params": {
    "neural_hidden_size": 16,
    "weight_mutation_rate": 0.25993173632149247,
    "weight_mutation_magnitude": 0.3869449357769702,
    "mutation_rate": 0.19855707120678442,
    "mutation_magnitude": 0.13443364049092363,
    "cull_percentage": 0.30686192479471414,
    "selection_method": "truncation",
    "use_crossover": true,
    "crossover_rate": 0.3569843701917889,
    "use_proprioception": false,
    "min_nodes": 4,
    "max_nodes": 6,
    "max_muscles": 16,
    "neural_dead_zone": 0.06906290077077104,
    "neural_output_bias": -0.15218282917046655
  },
  "best_fitness_per_seed": [
    108.3471450805664
  ],
  "avg_fitness_per_seed": [
    9.434477483828863
  ],
  "mean_best_fitness": 108.3471450805664,
  "mean_avg_fitness": 9.434477483828863
}