{
  "trial_id": 94,
  "params": {
    "neural_hidden_size": 8,
    "weight_mutation_rate": 0.3664684058145886,
    "weight_mutation_magnitude": 0.37627597494010223,
    "mutation_rate": 0.5929167252297057,
    "mutation_magnitude": 0.22117593598920848,
    "cull_percentage": 0.3153680086495524,
    "selection_method": "tournament",
    "tournament_size": 7,
    "use_crossover": false,
    "use_proprioception": false,
    "min_nodes": 4,
    "max_nodes": 10,
    "max_muscles": 9,
    "neural_dead_zone": 0.1898673757814711,
    "neural_output_bias": -0.387721865454298
  },
  "best_fitness_per_seed": [
    190.11611938476562
  ],
  "avg_fitness_per_seed": [
    30.0795645498236
  ],
  "mean_best_fitness": 190.11611938476562,
  "mean_avg_fitness": 30.0795645498236
}