{
  "trial_id": 151,
  "params": {
    "neural_hidden_size": 8,
    "weight_mutation_rate": 0.17365156326119252,
    "weight_mutation_magnitude": 0.42710263128946624,
    "mutation_rate": 0.539947324032957,
    "mutation_magnitude": 0.49946297432077325,
    "cull_percentage": 0.4620378202169749,
    "selection_method": "truncation",
    "use_crossover": false,
    "use_proprioception": true,
    "proprioception_inputs": "strain",
    "min_nodes": 4,
    "max_nodes": 12,
    "max_muscles": 13,
    "neural_dead_zone": 0.05487950232528414,
    "neural_output_bias": -0.45335235815132274
  },
  "best_fitness_per_seed": [
    525.0856323242188
  ],
  "avg_fitness_per_seed": [
    32.58038142661253
  ],
  "mean_best_fitness": 525.0856323242188,
  "mean_avg_fitness": 32.58038142661253
}