{
  "trial_id": 22,
  "params": {
    "neural_hidden_size": 24,
    "weight_mutation_rate": 0.16150855423818242,
    "weight_mutation_magnitude": 0.158948915281205,
    "mutation_rate": 0.42170863423894966,
    "mutation_magnitude": 0.34983275503058897,
    "cull_percentage": 0.6017353719008989,
    "selection_method": "rank",
    "use_crossover": true,
    "crossover_rate": 0.6586528311551464,
    "use_proprioception": true,
    "proprioception_inputs": "velocity",
    "min_nodes": 4,
    "max_nodes": 6,
    "max_muscles": 16,
    "neural_dead_zone": 0.19420882734945633,
    "neural_output_bias": -0.0567933023968219
  },
  "best_fitness_per_seed": [
    237.54159545898438
  ],
  "avg_fitness_per_seed": [
    23.040224582006534
  ],
  "mean_best_fitness": 237.54159545898438,
  "mean_avg_fitness": 23.040224582006534
}