{
  "trial_id": 182,
  "params": {
    "neural_hidden_size": 20,
    "weight_mutation_rate": 0.3834210374984095,
    "weight_mutation_magnitude": 0.32523707040900196,
    "mutation_rate": 0.4050543729598315,
    "mutation_magnitude": 0.2350235022845419,
    "cull_percentage": 0.41589648556238046,
    "selection_method": "truncation",
    "use_crossover": true,
    "crossover_rate": 0.23944038645961352,
    "use_proprioception": true,
    "proprioception_inputs": "strain",
    "min_nodes": 4,
    "max_nodes": 7,
    "max_muscles": 9,
    "neural_dead_zone": 0.17267748134151112,
    "neural_output_bias": -0.3507807670860455
  },
  "best_fitness_per_seed": [
    156.24708557128906
  ],
  "avg_fitness_per_seed": [
    29.075977465212347
  ],
  "mean_best_fitness": 156.24708557128906,
  "mean_avg_fitness": 29.075977465212347
}