{
  "trial_id": 98,
  "params": {
    "neural_hidden_size": 20,
    "weight_mutation_rate": 0.1623857724366336,
    "weight_mutation_magnitude": 0.12170163818895383,
    "mutation_rate": 0.5623368780433379,
    "mutation_magnitude": 0.19502785487455898,
    "cull_percentage": 0.4207643463032863,
    "selection_method": "truncation",
    "use_crossover": false,
    "use_proprioception": true,
    "proprioception_inputs": "ground",
    "min_nodes": 4,
    "max_nodes": 11,
    "max_muscles": 9,
    "neural_dead_zone": 0.013063952846600335,
    "neural_output_bias": -0.3462131856849292
  },
  "best_fitness_per_seed": [
    206.04969787597656
  ],
  "avg_fitness_per_seed": [
    41.408397569308676
  ],
  "mean_best_fitness": 206.04969787597656,
  "mean_avg_fitness": 41.408397569308676
}