{
  "trial_id": 176,
  "params": {
    "neural_hidden_size": 16,
    "weight_mutation_rate": 0.3497818137956335,
    "weight_mutation_magnitude": 0.5857179632195428,
    "mutation_rate": 0.4957636973091698,
    "mutation_magnitude": 0.1877044573715257,
    "cull_percentage": 0.6808838536832809,
    "selection_method": "truncation",
    "use_crossover": false,
    "use_proprioception": true,
    "proprioception_inputs": "strain",
    "min_nodes": 4,
    "max_nodes": 11,
    "max_muscles": 11,
    "neural_dead_zone": 0.11172180380017352,
    "neural_output_bias": -0.11984261346500164
  },
  "best_fitness_per_seed": [
    199.73240661621094
  ],
  "avg_fitness_per_seed": [
    47.990612186988194
  ],
  "mean_best_fitness": 199.73240661621094,
  "mean_avg_fitness": 47.990612186988194
}