{
  "trial_id": 96,
  "params": {
    "neural_hidden_size": 12,
    "weight_mutation_rate": 0.4656165729779036,
    "weight_mutation_magnitude": 0.588468905774085,
    "mutation_rate": 0.175573712562179,
    "mutation_magnitude": 0.10561919366438494,
    "cull_percentage": 0.5075641022977562,
    "selection_method": "rank",
    "use_crossover": false,
    "use_proprioception": true,
    "proprioception_inputs": "all",
    "min_nodes": 4,
    "max_nodes": 12,
    "max_muscles": 17,
    "neural_dead_zone": 0.19914436605599894,
    "neural_output_bias": -0.3507021441386414
  },
  "best_fitness_per_seed": [
    310.75164794921875
  ],
  "avg_fitness_per_seed": [
    41.53459324946006
  ],
  "mean_best_fitness": 310.75164794921875,
  "mean_avg_fitness": 41.53459324946006
}