{
  "trial_id": 136,
  "params": {
    "neural_hidden_size": 8,
    "weight_mutation_rate": 0.4329866286132371,
    "weight_mutation_magnitude": 0.5394728103263967,
    "mutation_rate": 0.39879978228120583,
    "mutation_magnitude": 0.2847613276892952,
    "cull_percentage": 0.6715346844138548,
    "selection_method": "truncation",
    "use_crossover": true,
    "crossover_rate": 0.7981229842102919,
    "use_proprioception": false,
    "min_nodes": 4,
    "max_nodes": 8,
    "max_muscles": 15,
    "neural_dead_zone": 0.10263992096821489,
    "neural_output_bias": -0.42655878893093707
  },
  "best_fitness_per_seed": [
    225.9376983642578
  ],
  "avg_fitness_per_seed": [
    16.684736897349357
  ],
  "mean_best_fitness": 225.9376983642578,
  "mean_avg_fitness": 16.684736897349357
}