{
  "trial_id": 188,
  "params": {
    "neural_hidden_size": 24,
    "weight_mutation_rate": 0.3220405026446732,
    "weight_mutation_magnitude": 0.5960288900215683,
    "mutation_rate": 0.13822944061216955,
    "mutation_magnitude": 0.41194993276433733,
    "cull_percentage": 0.310053320346851,
    "selection_method": "truncation",
    "use_crossover": true,
    "crossover_rate": 0.37241629868219017,
    "use_proprioception": true,
    "proprioception_inputs": "strain",
    "min_nodes": 4,
    "max_nodes": 8,
    "max_muscles": 12,
    "neural_dead_zone": 0.1631268346505275,
    "neural_output_bias": -0.36721374784760996
  },
  "best_fitness_per_seed": [
    137.44532775878906
  ],
  "avg_fitness_per_seed": [
    24.961183245877425
  ],
  "mean_best_fitness": 137.44532775878906,
  "mean_avg_fitness": 24.961183245877425
}