{
  "trial_id": 186,
  "params": {
    "neural_hidden_size": 24,
    "weight_mutation_rate": 0.4264297888416202,
    "weight_mutation_magnitude": 0.29644358583494135,
    "mutation_rate": 0.1229251388765508,
    "mutation_magnitude": 0.3989083380888385,
    "cull_percentage": 0.5008577479626923,
    "selection_method": "truncation",
    "use_crossover": true,
    "crossover_rate": 0.48042963706023556,
    "use_proprioception": true,
    "proprioception_inputs": "velocity",
    "min_nodes": 4,
    "max_nodes": 5,
    "max_muscles": 8,
    "neural_dead_zone": 0.152891171310222,
    "neural_output_bias": -0.44328923188838465
  },
  "best_fitness_per_seed": [
    116.31438446044922
  ],
  "avg_fitness_per_seed": [
    41.312357525726156
  ],
  "mean_best_fitness": 116.31438446044922,
  "mean_avg_fitness": 41.312357525726156
}