{
  "trial_id": 158,
  "params": {
    "neural_hidden_size": 12,
    "weight_mutation_rate": 0.12703690071921134,
    "weight_mutation_magnitude": 0.3903708031447132,
    "mutation_rate": 0.41987962579673577,
    "mutation_magnitude": 0.33844659031291235,
    "cull_percentage": 0.6606869966596083,
    "selection_method": "truncation",
    "use_crossover": false,
    "use_proprioception": true,
    "proprioception_inputs": "strain",
    "min_nodes": 3,
    "max_nodes": 5,
    "max_muscles": 15,
    "neural_dead_zone": 0.045002987868498434,
    "neural_output_bias": -0.40928449659481525
  },
  "best_fitness_per_seed": [
    459.5750427246094
  ],
  "avg_fitness_per_seed": [
    28.513852471709253
  ],
  "mean_best_fitness": 459.5750427246094,
  "mean_avg_fitness": 28.513852471709253
}