{
  "trial_id": 147,
  "params": {
    "neural_hidden_size": 12,
    "weight_mutation_rate": 0.49108986933828,
    "weight_mutation_magnitude": 0.3620270588738308,
    "mutation_rate": 0.4768413150149876,
    "mutation_magnitude": 0.36803216033946984,
    "cull_percentage": 0.6726622403175986,
    "selection_method": "truncation",
    "use_crossover": true,
    "crossover_rate": 0.5934819538399525,
    "use_proprioception": false,
    "min_nodes": 4,
    "max_nodes": 7,
    "max_muscles": 16,
    "neural_dead_zone": 0.014469059898742165,
    "neural_output_bias": -0.13564410137659078
  },
  "best_fitness_per_seed": [
    313.09808349609375
  ],
  "avg_fitness_per_seed": [
    21.86601829191049
  ],
  "mean_best_fitness": 313.09808349609375,
  "mean_avg_fitness": 21.86601829191049
}