{
  "trial_id": 93,
  "params": {
    "neural_hidden_size": 24,
    "weight_mutation_rate": 0.4416196365271806,
    "weight_mutation_magnitude": 0.1577909873333028,
    "mutation_rate": 0.2283618652927992,
    "mutation_magnitude": 0.40020232305224146,
    "cull_percentage": 0.7319687168522097,
    "selection_method": "truncation",
    "use_crossover": false,
    "use_proprioception": true,
    "proprioception_inputs": "ground",
    "min_nodes": 4,
    "max_nodes": 8,
    "max_muscles": 14,
    "neural_dead_zone": 0.15910040041410542,
    "neural_output_bias": -0.28132966931007525
  },
  "best_fitness_per_seed": [
    444.6579284667969
  ],
  "avg_fitness_per_seed": [
    54.989646241664886
  ],
  "mean_best_fitness": 444.6579284667969,
  "mean_avg_fitness": 54.989646241664886
}