{
  "trial_id": 18,
  "params": {
    "neural_hidden_size": 24,
    "weight_mutation_rate": 0.22323942070755073,
    "weight_mutation_magnitude": 0.5425908354101614,
    "mutation_rate": 0.19255287471313629,
    "mutation_magnitude": 0.3450007295240609,
    "cull_percentage": 0.7628262449436265,
    "selection_method": "truncation",
    "use_crossover": false,
    "use_proprioception": true,
    "proprioception_inputs": "strain",
    "min_nodes": 4,
    "max_nodes": 5,
    "max_muscles": 20,
    "neural_dead_zone": 0.011834154574040068,
    "neural_output_bias": -0.18555235809225817
  },
  "best_fitness_per_seed": [
    174.112060546875
  ],
  "avg_fitness_per_seed": [
    49.92244758064548
  ],
  "mean_best_fitness": 174.112060546875,
  "mean_avg_fitness": 49.92244758064548
}