{
  "trial_id": 133,
  "params": {
    "neural_hidden_size": 8,
    "weight_mutation_rate": 0.1734229643413855,
    "weight_mutation_magnitude": 0.23565925466943163,
    "mutation_rate": 0.22742029221373675,
    "mutation_magnitude": 0.47995526411338085,
    "cull_percentage": 0.5707385016543636,
    "selection_method": "rank",
    "use_crossover": true,
    "crossover_rate": 0.6479413565698178,
    "use_proprioception": true,
    "proprioception_inputs": "strain",
    "min_nodes": 4,
    "max_nodes": 12,
    "max_muscles": 18,
    "neural_dead_zone": 0.15840201239521354,
    "neural_output_bias": -0.28787007405254494
  },
  "best_fitness_per_seed": [
    304.5370178222656
  ],
  "avg_fitness_per_seed": [
    24.129808457146087
  ],
  "mean_best_fitness": 304.5370178222656,
  "mean_avg_fitness": 24.129808457146087
}