{
  "trial_id": 164,
  "params": {
    "neural_hidden_size": 8,
    "weight_mutation_rate": 0.3347450725606591,
    "weight_mutation_magnitude": 0.5608078566407912,
    "mutation_rate": 0.4552133217444001,
    "mutation_magnitude": 0.2296942181584385,
    "cull_percentage": 0.7367668582316313,
    "selection_method": "truncation",
    "use_crossover": true,
    "crossover_rate": 0.7501127920197037,
    "use_proprioception": true,
    "proprioception_inputs": "strain",
    "min_nodes": 4,
    "max_nodes": 11,
    "max_muscles": 15,
    "neural_dead_zone": 0.158496214296452,
    "neural_output_bias": -0.4218152179668952
  },
  "best_fitness_per_seed": [
    299.56060791015625
  ],
  "avg_fitness_per_seed": [
    23.013555678079527
  ],
  "mean_best_fitness": 299.56060791015625,
  "mean_avg_fitness": 23.013555678079527
}