{
  "trial_id": 184,
  "params": {
    "neural_hidden_size": 8,
    "weight_mutation_rate": 0.41611130961705645,
    "weight_mutation_magnitude": 0.35707314356127207,
    "mutation_rate": 0.3673910117975102,
    "mutation_magnitude": 0.19494629647800898,
    "cull_percentage": 0.5952249473065152,
    "selection_method": "rank",
    "use_crossover": true,
    "crossover_rate": 0.4687413564766966,
    "use_proprioception": true,
    "proprioception_inputs": "velocity",
    "min_nodes": 4,
    "max_nodes": 11,
    "max_muscles": 11,
    "neural_dead_zone": 0.1817117620550109,
    "neural_output_bias": -0.27688746092584815
  },
  "best_fitness_per_seed": [
    126.54607391357422
  ],
  "avg_fitness_per_seed": [
    35.743783613244695
  ],
  "mean_best_fitness": 126.54607391357422,
  "mean_avg_fitness": 35.743783613244695
}