{
  "trial_id": 122,
  "params": {
    "neural_hidden_size": 12,
    "weight_mutation_rate": 0.30465633556778504,
    "weight_mutation_magnitude": 0.13305830269851585,
    "mutation_rate": 0.2298985809833098,
    "mutation_magnitude": 0.15765650705865278,
    "cull_percentage": 0.3103933180033864,
    "selection_method": "truncation",
    "use_crossover": true,
    "crossover_rate": 0.6047901459631353,
    "use_proprioception": true,
    "proprioception_inputs": "velocity",
    "min_nodes": 4,
    "max_nodes": 10,
    "max_muscles": 20,
    "neural_dead_zone": 0.12001287171379876,
    "neural_output_bias": -0.06346716507819661
  },
  "best_fitness_per_seed": [
    120.7292251586914
  ],
  "avg_fitness_per_seed": [
    21.19947264345984
  ],
  "mean_best_fitness": 120.7292251586914,
  "mean_avg_fitness": 21.19947264345984
}