{
  "trial_id": 25,
  "params": {
    "neural_hidden_size": 16,
    "weight_mutation_rate": 0.38006887134412126,
    "weight_mutation_magnitude": 0.13423071748228657,
    "mutation_rate": 0.15802441531639214,
    "mutation_magnitude": 0.30123229918462374,
    "cull_percentage": 0.43796421419838016,
    "selection_method": "truncation",
    "use_crossover": true,
    "crossover_rate": 0.32857845664598617,
    "use_proprioception": true,
    "proprioception_inputs": "all",
    "min_nodes": 4,
    "max_nodes": 11,
    "max_muscles": 13,
    "neural_dead_zone": 0.17382733116793894,
    "neural_output_bias": -0.4091939706549753
  },
  "best_fitness_per_seed": [
    338.101318359375
  ],
  "avg_fitness_per_seed": [
    30.717424496312937
  ],
  "mean_best_fitness": 338.101318359375,
  "mean_avg_fitness": 30.717424496312937
}