{
  "trial_id": 105,
  "params": {
    "neural_hidden_size": 4,
    "weight_mutation_rate": 0.4346659065435101,
    "weight_mutation_magnitude": 0.38395891620352585,
    "mutation_rate": 0.2527481367236307,
    "mutation_magnitude": 0.4591980962409151,
    "cull_percentage": 0.7969475030697253,
    "selection_method": "truncation",
    "use_crossover": true,
    "crossover_rate": 0.3061168695267738,
    "use_proprioception": false,
    "min_nodes": 4,
    "max_nodes": 10,
    "max_muscles": 8,
    "neural_dead_zone": 0.05847260927384468,
    "neural_output_bias": -0.17484816709087425
  },
  "best_fitness_per_seed": [
    456.5235595703125
  ],
  "avg_fitness_per_seed": [
    39.90339817245801
  ],
  "mean_best_fitness": 456.5235595703125,
  "mean_avg_fitness": 39.90339817245801
}