{
  "trial_id": 111,
  "params": {
    "neural_hidden_size": 16,
    "weight_mutation_rate": 0.13896380290142415,
    "weight_mutation_magnitude": 0.3382448890504136,
    "mutation_rate": 0.38669741191924323,
    "mutation_magnitude": 0.2635976728737245,
    "cull_percentage": 0.7699396713082367,
    "selection_method": "truncation",
    "use_crossover": true,
    "crossover_rate": 0.7868362218574987,
    "use_proprioception": true,
    "proprioception_inputs": "ground",
    "min_nodes": 3,
    "max_nodes": 10,
    "max_muscles": 8,
    "neural_dead_zone": 0.030107391943388784,
    "neural_output_bias": -0.42664207495518547
  },
  "best_fitness_per_seed": [
    232.1754608154297
  ],
  "avg_fitness_per_seed": [
    25.908995382289092
  ],
  "mean_best_fitness": 232.1754608154297,
  "mean_avg_fitness": 25.908995382289092
}