{
  "trial_id": 92,
  "params": {
    "neural_hidden_size": 12,
    "weight_mutation_rate": 0.11944533964195934,
    "weight_mutation_magnitude": 0.4051916660160666,
    "mutation_rate": 0.5825997748648742,
    "mutation_magnitude": 0.1440350993692348,
    "cull_percentage": 0.5539533714893112,
    "selection_method": "truncation",
    "use_crossover": true,
    "crossover_rate": 0.5857472183635222,
    "use_proprioception": true,
    "proprioception_inputs": "ground",
    "min_nodes": 3,
    "max_nodes": 6,
    "max_muscles": 19,
    "neural_dead_zone": 0.0339943320049247,
    "neural_output_bias": -0.2974480974579466
  },
  "best_fitness_per_seed": [
    282.62652587890625
  ],
  "avg_fitness_per_seed": [
    25.882385312517485
  ],
  "mean_best_fitness": 282.62652587890625,
  "mean_avg_fitness": 25.882385312517485
}