{
  "trial_id": 76,
  "params": {
    "neural_hidden_size": 8,
    "weight_mutation_rate": 0.46588992908734206,
    "weight_mutation_magnitude": 0.5931138107653882,
    "mutation_rate": 0.5886254639949182,
    "mutation_magnitude": 0.3022901130940334,
    "cull_percentage": 0.4737810646832565,
    "selection_method": "truncation",
    "use_crossover": false,
    "use_proprioception": false,
    "min_nodes": 4,
    "max_nodes": 12,
    "max_muscles": 14,
    "neural_dead_zone": 0.007702928585270908,
    "neural_output_bias": -0.09335654470512472
  },
  "best_fitness_per_seed": [
    417.8806457519531
  ],
  "avg_fitness_per_seed": [
    46.82330283006032
  ],
  "mean_best_fitness": 417.8806457519531,
  "mean_avg_fitness": 46.82330283006032
}