{
  "trial_id": 54,
  "params": {
    "neural_hidden_size": 24,
    "weight_mutation_rate": 0.3567589941996422,
    "weight_mutation_magnitude": 0.29297229085652077,
    "mutation_rate": 0.19929621303591802,
    "mutation_magnitude": 0.2368446156605523,
    "cull_percentage": 0.5590120425868075,
    "selection_method": "truncation",
    "use_crossover": true,
    "crossover_rate": 0.7036010140029711,
    "use_proprioception": true,
    "proprioception_inputs": "strain",
    "min_nodes": 4,
    "max_nodes": 9,
    "max_muscles": 10,
    "neural_dead_zone": 0.07178448746722124,
    "neural_output_bias": -0.4339685883539482
  },
  "best_fitness_per_seed": [
    209.1439208984375
  ],
  "avg_fitness_per_seed": [
    38.122616265018785
  ],
  "mean_best_fitness": 209.1439208984375,
  "mean_avg_fitness": 38.122616265018785
}