{
  "trial_id": 162,
  "params": {
    "neural_hidden_size": 8,
    "weight_mutation_rate": 0.3208601959048655,
    "weight_mutation_magnitude": 0.4789791002102425,
    "mutation_rate": 0.31811855915474063,
    "mutation_magnitude": 0.15013997229792253,
    "cull_percentage": 0.39926018462639973,
    "selection_method": "tournament",
    "tournament_size": 6,
    "use_crossover": true,
    "crossover_rate": 0.22258470514590595,
    "use_proprioception": false,
    "min_nodes": 4,
    "max_nodes": 11,
    "max_muscles": 11,
    "neural_dead_zone": 0.10040383186384796,
    "neural_output_bias": -0.39007360706481453
  },
  "best_fitness_per_seed": [
    145.1017303466797
  ],
  "avg_fitness_per_seed": [
    33.40281441390514
  ],
  "mean_best_fitness": 145.1017303466797,
  "mean_avg_fitness": 33.40281441390514
}