{
  "trial_id": 47,
  "params": {
    "neural_hidden_size": 16,
    "weight_mutation_rate": 0.4454389129678479,
    "weight_mutation_magnitude": 0.26852895805542143,
    "mutation_rate": 0.313025170682099,
    "mutation_magnitude": 0.16812361503551054,
    "cull_percentage": 0.6814261596966903,
    "selection_method": "truncation",
    "use_crossover": true,
    "crossover_rate": 0.7277362241708787,
    "use_proprioception": true,
    "proprioception_inputs": "all",
    "min_nodes": 4,
    "max_nodes": 10,
    "max_muscles": 14,
    "neural_dead_zone": 0.002975406848861506,
    "neural_output_bias": -0.3499437583175576
  },
  "best_fitness_per_seed": [
    225.17941284179688
  ],
  "avg_fitness_per_seed": [
    25.51979141533375
  ],
  "mean_best_fitness": 225.17941284179688,
  "mean_avg_fitness": 25.51979141533375
}