{
  "trial_id": 12,
  "params": {
    "neural_hidden_size": 4,
    "weight_mutation_rate": 0.2697472113763979,
    "weight_mutation_magnitude": 0.5382343153944278,
    "mutation_rate": 0.5799604117152303,
    "mutation_magnitude": 0.15534524488752002,
    "cull_percentage": 0.6137368579905389,
    "selection_method": "truncation",
    "use_crossover": true,
    "crossover_rate": 0.2907130309385822,
    "use_proprioception": false,
    "min_nodes": 4,
    "max_nodes": 10,
    "max_muscles": 16,
    "neural_dead_zone": 0.1790185136569956,
    "neural_output_bias": -0.16985849852369006
  },
  "best_fitness_per_seed": [
    228.43544006347656
  ],
  "avg_fitness_per_seed": [
    24.441945179154477
  ],
  "mean_best_fitness": 228.43544006347656,
  "mean_avg_fitness": 24.441945179154477
}