{
  "trial_number": 54,
  "params": {
    "neat_initial_connectivity": "none",
    "neat_add_connection_rate": 0.35311595635824444,
    "neat_add_node_rate": 0.22257556990046812,
    "neat_enable_rate": 0.013036452098992554,
    "neat_disable_rate": 0.027603708689337012,
    "neat_max_hidden_nodes": 22,
    "weight_mutation_rate": 0.7345600049496028,
    "weight_mutation_magnitude": 0.22449665608212807,
    "compatibility_threshold": 2.770563395341078,
    "neat_excess_coefficient": 0.6521703693680238,
    "neat_disjoint_coefficient": 0.9107997708471673,
    "neat_weight_coefficient": 0.5302229168969934,
    "min_species_size": 5,
    "mutation_rate": 0.31386273488192246,
    "mutation_magnitude": 0.35640887153974915,
    "cull_percentage": 0.6482426852834788,
    "use_crossover": true,
    "crossover_rate": 0.2827483370153713,
    "use_proprioception": false,
    "min_nodes": 4,
    "max_nodes": 10,
    "max_muscles": 18,
    "time_encoding": "cyclic",
    "bias_mode": "node",
    "neural_dead_zone": 0.17734353037474487,
    "neural_output_bias": -0.4990164079471288,
    "use_adaptive_mutation": false
  },
  "best_fitness_per_seed": [
    245.5632781982422,
    253.34332275390625,
    366.64398193359375
  ],
  "avg_fitness_per_seed": [
    30.37176958963275,
    22.570210660994054,
    23.59930398635566
  ],
  "mean_best_fitness": 288.51686096191406,
  "mean_avg_fitness": 25.513761412327487,
  "generations": 150,
  "seeds": [
    42,
    123,
    456
  ]
}