{
  "trial_number": 9,
  "params": {
    "neat_initial_connectivity": "sparse_outputs",
    "neat_add_connection_rate": 0.15768512413411304,
    "neat_add_node_rate": 0.03011477725379798,
    "neat_enable_rate": 0.010077800137742666,
    "neat_disable_rate": 0.0018221825651549728,
    "neat_max_hidden_nodes": 11,
    "weight_mutation_rate": 0.7756537253789962,
    "weight_mutation_magnitude": 0.1498320539221603,
    "compatibility_threshold": 2.275902521175045,
    "neat_excess_coefficient": 1.7673129664541818,
    "neat_disjoint_coefficient": 0.5349079036037387,
    "neat_weight_coefficient": 0.8330216343300423,
    "min_species_size": 2,
    "mutation_rate": 0.15908241381082813,
    "mutation_magnitude": 0.3786948661456603,
    "cull_percentage": 0.614471423389942,
    "use_crossover": true,
    "crossover_rate": 0.7264832081162319,
    "use_proprioception": false,
    "min_nodes": 3,
    "max_nodes": 6,
    "max_muscles": 17,
    "time_encoding": "cyclic",
    "bias_mode": "bias_node",
    "neural_dead_zone": 0.17168255036860236,
    "neural_output_bias": -0.2855029863124908,
    "use_adaptive_mutation": false
  },
  "best_fitness_per_seed": [
    311.358154296875,
    190.83837890625,
    215.92042541503906
  ],
  "avg_fitness_per_seed": [
    22.10537744522095,
    37.6211474531889,
    26.13338870406151
  ],
  "mean_best_fitness": 239.37231953938803,
  "mean_avg_fitness": 28.619971200823784,
  "generations": 150,
  "seeds": [
    42,
    123,
    456
  ]
}