{
  "trial_number": 79,
  "params": {
    "neat_initial_connectivity": "full",
    "neat_add_connection_rate": 0.4861362516802632,
    "neat_add_node_rate": 0.2801635539032627,
    "neat_enable_rate": 0.05004630930354223,
    "neat_disable_rate": 0.08881858590005831,
    "neat_max_hidden_nodes": 32,
    "weight_mutation_rate": 0.5932469578702579,
    "weight_mutation_magnitude": 0.451216349260201,
    "compatibility_threshold": 3.0446005444272055,
    "neat_excess_coefficient": 1.2774365021904397,
    "neat_disjoint_coefficient": 0.8550149606783097,
    "neat_weight_coefficient": 0.8757647890443584,
    "min_species_size": 1,
    "mutation_rate": 0.46940311321249045,
    "mutation_magnitude": 0.45745672687312755,
    "cull_percentage": 0.7858721611041704,
    "use_crossover": true,
    "crossover_rate": 0.623403232843281,
    "use_proprioception": false,
    "min_nodes": 4,
    "max_nodes": 12,
    "max_muscles": 10,
    "time_encoding": "none",
    "bias_mode": "bias_node",
    "neural_dead_zone": 0.05937019646755701,
    "neural_output_bias": -0.26917933435472696,
    "use_adaptive_mutation": false
  },
  "best_fitness_per_seed": [
    202.7205047607422,
    214.3470458984375,
    162.5677947998047
  ],
  "avg_fitness_per_seed": [
    14.311581371240317,
    14.955929553937167,
    15.604813333619386
  ],
  "mean_best_fitness": 193.21178181966147,
  "mean_avg_fitness": 14.957441419598956,
  "generations": 150,
  "seeds": [
    42,
    123,
    456
  ]
}