{
  "trial_number": 43,
  "params": {
    "neat_initial_connectivity": "none",
    "neat_add_connection_rate": 0.40811757758120765,
    "neat_add_node_rate": 0.16793954300539413,
    "neat_enable_rate": 0.04985742555263871,
    "neat_disable_rate": 0.09454731353670241,
    "neat_max_hidden_nodes": 22,
    "weight_mutation_rate": 0.819383707905926,
    "weight_mutation_magnitude": 0.19806503587596744,
    "compatibility_threshold": 1.9469958849873295,
    "neat_excess_coefficient": 0.5653555660244678,
    "neat_disjoint_coefficient": 1.1155177424628215,
    "neat_weight_coefficient": 0.5093764849893541,
    "min_species_size": 5,
    "mutation_rate": 0.4031526799277793,
    "mutation_magnitude": 0.4848920874703773,
    "cull_percentage": 0.7723839161108265,
    "use_crossover": true,
    "crossover_rate": 0.23825491908483173,
    "use_proprioception": false,
    "min_nodes": 4,
    "max_nodes": 11,
    "max_muscles": 12,
    "time_encoding": "sin_raw",
    "bias_mode": "node",
    "neural_dead_zone": 0.1841779768114467,
    "neural_output_bias": -0.46936223423533585,
    "use_adaptive_mutation": false
  },
  "best_fitness_per_seed": [
    427.344970703125,
    206.30226135253906,
    323.3042907714844
  ],
  "avg_fitness_per_seed": [
    23.03893819540739,
    20.885617763325573,
    18.112520975098015
  ],
  "mean_best_fitness": 318.9838409423828,
  "mean_avg_fitness": 20.679025644610327,
  "generations": 150,
  "seeds": [
    42,
    123,
    456
  ]
}