{
  "trial_number": 25,
  "params": {
    "neat_initial_connectivity": "none",
    "neat_add_connection_rate": 0.08284169297089405,
    "neat_add_node_rate": 0.2546083148590831,
    "neat_enable_rate": 0.07949267515517545,
    "neat_disable_rate": 0.08800535953664032,
    "neat_max_hidden_nodes": 42,
    "weight_mutation_rate": 0.610527970521117,
    "weight_mutation_magnitude": 0.4553399853537967,
    "compatibility_threshold": 1.7060656983114106,
    "neat_excess_coefficient": 0.5993324946829818,
    "neat_disjoint_coefficient": 0.8483741725771935,
    "neat_weight_coefficient": 0.8884433943067992,
    "min_species_size": 3,
    "mutation_rate": 0.5182660177260977,
    "mutation_magnitude": 0.3715385539352377,
    "cull_percentage": 0.5799346485856809,
    "use_crossover": true,
    "crossover_rate": 0.25919957005167865,
    "use_proprioception": false,
    "min_nodes": 4,
    "max_nodes": 10,
    "max_muscles": 12,
    "time_encoding": "none",
    "bias_mode": "node",
    "neural_dead_zone": 0.02420809691667301,
    "neural_output_bias": -0.20208634353335353,
    "use_adaptive_mutation": false
  },
  "best_fitness_per_seed": [
    313.9683532714844,
    341.6855163574219,
    317.5845642089844
  ],
  "avg_fitness_per_seed": [
    20.484892245903612,
    14.794656263366342,
    20.879493618533015
  ],
  "mean_best_fitness": 324.4128112792969,
  "mean_avg_fitness": 18.71968070926766,
  "generations": 150,
  "seeds": [
    42,
    123,
    456
  ]
}