{
  "trial_number": 99,
  "params": {
    "neat_initial_connectivity": "full",
    "neat_add_connection_rate": 0.4170847527397348,
    "neat_add_node_rate": 0.2312540376208552,
    "neat_enable_rate": 0.05078554615435905,
    "neat_disable_rate": 0.0780897357585885,
    "neat_max_hidden_nodes": 19,
    "weight_mutation_rate": 0.697177827243175,
    "weight_mutation_magnitude": 0.4457986366454376,
    "compatibility_threshold": 3.6930484537673784,
    "neat_excess_coefficient": 1.1037567036816882,
    "neat_disjoint_coefficient": 0.9691396920686035,
    "neat_weight_coefficient": 0.7854593820680649,
    "min_species_size": 3,
    "mutation_rate": 0.40625121267060627,
    "mutation_magnitude": 0.3869051820331563,
    "cull_percentage": 0.7601556512998986,
    "use_crossover": true,
    "crossover_rate": 0.20083718770446463,
    "use_proprioception": false,
    "min_nodes": 4,
    "max_nodes": 11,
    "max_muscles": 13,
    "time_encoding": "none",
    "bias_mode": "bias_node",
    "neural_dead_zone": 0.08524010833959966,
    "neural_output_bias": -0.25691997392003063,
    "use_adaptive_mutation": false
  },
  "best_fitness_per_seed": [
    419.2261962890625,
    450.44830322265625,
    306.25653076171875
  ],
  "avg_fitness_per_seed": [
    29.03986505895853,
    25.00815565019846,
    26.19590067792684
  ],
  "mean_best_fitness": 391.9770100911458,
  "mean_avg_fitness": 26.74797379569461,
  "generations": 150,
  "seeds": [
    42,
    123,
    456
  ]
}