{
  "trial_number": 68,
  "params": {
    "neat_initial_connectivity": "full",
    "neat_add_connection_rate": 0.4492306295439477,
    "neat_add_node_rate": 0.24716512172196295,
    "neat_enable_rate": 0.057833877734926445,
    "neat_disable_rate": 0.09115369772524726,
    "neat_max_hidden_nodes": 32,
    "weight_mutation_rate": 0.6439604461904165,
    "weight_mutation_magnitude": 0.5790144167212574,
    "compatibility_threshold": 3.109228302103586,
    "neat_excess_coefficient": 1.3964838788218388,
    "neat_disjoint_coefficient": 0.7008197859878342,
    "neat_weight_coefficient": 0.7837747780146581,
    "min_species_size": 1,
    "mutation_rate": 0.5264218905479517,
    "mutation_magnitude": 0.4592032843439112,
    "cull_percentage": 0.6884254593611654,
    "use_crossover": true,
    "crossover_rate": 0.2244389884866131,
    "use_proprioception": false,
    "min_nodes": 4,
    "max_nodes": 12,
    "max_muscles": 9,
    "time_encoding": "none",
    "bias_mode": "bias_node",
    "neural_dead_zone": 0.08941800384437584,
    "neural_output_bias": -0.23559711328416266,
    "use_adaptive_mutation": false
  },
  "best_fitness_per_seed": [
    399.81280517578125,
    506.2521057128906,
    417.4450988769531
  ],
  "avg_fitness_per_seed": [
    24.570860877335072,
    25.55003798350692,
    31.162383830845357
  ],
  "mean_best_fitness": 441.1700032552083,
  "mean_avg_fitness": 27.09442756389578,
  "generations": 150,
  "seeds": [
    42,
    123,
    456
  ]
}