{
  "trial_number": 22,
  "params": {
    "neat_initial_connectivity": "none",
    "neat_add_connection_rate": 0.3080888617265816,
    "neat_add_node_rate": 0.1236971286464845,
    "neat_enable_rate": 0.05846998693458383,
    "neat_disable_rate": 0.09987363090861014,
    "neat_max_hidden_nodes": 36,
    "weight_mutation_rate": 0.5487624068463502,
    "weight_mutation_magnitude": 0.20022921533564889,
    "compatibility_threshold": 2.2021937791752086,
    "neat_excess_coefficient": 0.5084441961553195,
    "neat_disjoint_coefficient": 0.998258387487246,
    "neat_weight_coefficient": 0.635418274806719,
    "min_species_size": 5,
    "mutation_rate": 0.5063815457346275,
    "mutation_magnitude": 0.45897501696040116,
    "cull_percentage": 0.6947956402307773,
    "use_crossover": true,
    "crossover_rate": 0.33562963220895914,
    "use_proprioception": false,
    "min_nodes": 4,
    "max_nodes": 12,
    "max_muscles": 14,
    "time_encoding": "sin_raw",
    "bias_mode": "node",
    "neural_dead_zone": 0.11739134199452145,
    "neural_output_bias": -0.10836209259174602,
    "use_adaptive_mutation": false
  },
  "best_fitness_per_seed": [
    331.90423583984375,
    320.906982421875,
    228.9404754638672
  ],
  "avg_fitness_per_seed": [
    21.199161065891385,
    15.005514704203232,
    27.011282858625055
  ],
  "mean_best_fitness": 293.917231241862,
  "mean_avg_fitness": 21.071986209573225,
  "generations": 150,
  "seeds": [
    42,
    123,
    456
  ]
}