{
  "trial_number": 53,
  "params": {
    "neat_initial_connectivity": "none",
    "neat_add_connection_rate": 0.39148733961160914,
    "neat_add_node_rate": 0.2639191655951184,
    "neat_enable_rate": 0.025588125186690548,
    "neat_disable_rate": 0.009916486243228858,
    "neat_max_hidden_nodes": 17,
    "weight_mutation_rate": 0.8732178645024744,
    "weight_mutation_magnitude": 0.27637775906448475,
    "compatibility_threshold": 1.9197446290699791,
    "neat_excess_coefficient": 0.5660409464600514,
    "neat_disjoint_coefficient": 0.8297425336377388,
    "neat_weight_coefficient": 0.6605486871874733,
    "min_species_size": 5,
    "mutation_rate": 0.41479452543660933,
    "mutation_magnitude": 0.4067172690664532,
    "cull_percentage": 0.6734235146251635,
    "use_crossover": true,
    "crossover_rate": 0.23916616635056775,
    "use_proprioception": false,
    "min_nodes": 4,
    "max_nodes": 12,
    "max_muscles": 17,
    "time_encoding": "cyclic",
    "bias_mode": "node",
    "neural_dead_zone": 0.14980790586497567,
    "neural_output_bias": -0.36170861286969974,
    "use_adaptive_mutation": false
  },
  "best_fitness_per_seed": [
    215.53207397460938,
    214.80311584472656,
    0.0,
    342.2456970214844,
    0.0
  ],
  "avg_fitness_per_seed": [
    23.011327954083683,
    13.681579537540674,
    0.0,
    37.41633923180402,
    0.0
  ],
  "mean_best_fitness": 154.51617736816405,
  "mean_avg_fitness": 14.821849344685674,
  "generations": 150,
  "seeds": [
    42,
    123,
    456
  ]
}