{
  "trial_number": 50,
  "params": {
    "neat_initial_connectivity": "sparse_inputs",
    "neat_add_connection_rate": 0.4099928875919654,
    "neat_add_node_rate": 0.24357165331191563,
    "neat_enable_rate": 0.027703395663970933,
    "neat_disable_rate": 0.07529288918403348,
    "neat_max_hidden_nodes": 43,
    "weight_mutation_rate": 0.5848544882850697,
    "weight_mutation_magnitude": 0.30135750835284514,
    "compatibility_threshold": 2.15415490242043,
    "neat_excess_coefficient": 0.6311609551281357,
    "neat_disjoint_coefficient": 1.0107692437456381,
    "neat_weight_coefficient": 0.13850931577231634,
    "min_species_size": 4,
    "mutation_rate": 0.4418253516536766,
    "mutation_magnitude": 0.49799241757851087,
    "cull_percentage": 0.7282390521219343,
    "use_crossover": true,
    "crossover_rate": 0.35494937247483005,
    "use_proprioception": true,
    "proprioception_inputs": "all",
    "min_nodes": 4,
    "max_nodes": 10,
    "max_muscles": 14,
    "time_encoding": "raw",
    "bias_mode": "bias_node",
    "neural_dead_zone": 0.19874225447832752,
    "neural_output_bias": -0.17029061637569398,
    "use_adaptive_mutation": false
  },
  "best_fitness_per_seed": [
    271.95465087890625,
    299.84295654296875,
    0.0,
    259.593994140625,
    0.0
  ],
  "avg_fitness_per_seed": [
    17.027065463662147,
    25.163028795272112,
    0.0,
    17.003578520328738,
    0.0
  ],
  "mean_best_fitness": 166.2783203125,
  "mean_avg_fitness": 11.8387345558526,
  "generations": 150,
  "seeds": [
    42,
    123,
    456
  ]
}