{
  "trial_number": 11,
  "params": {
    "neat_initial_connectivity": "none",
    "neat_add_connection_rate": 0.060069432849961635,
    "neat_add_node_rate": 0.14180730799698915,
    "neat_enable_rate": 0.030465306355951263,
    "neat_disable_rate": 0.09993624386415512,
    "neat_max_hidden_nodes": 39,
    "weight_mutation_rate": 0.5997676567913081,
    "weight_mutation_magnitude": 0.33730990112941744,
    "compatibility_threshold": 1.8459655279347218,
    "neat_excess_coefficient": 0.8359605888570276,
    "neat_disjoint_coefficient": 1.1202098757512604,
    "neat_weight_coefficient": 0.536802565789523,
    "min_species_size": 5,
    "mutation_rate": 0.39982230436761124,
    "mutation_magnitude": 0.49914530227544895,
    "cull_percentage": 0.6390614024177448,
    "use_crossover": true,
    "crossover_rate": 0.22717478301838234,
    "use_proprioception": false,
    "min_nodes": 4,
    "max_nodes": 12,
    "max_muscles": 14,
    "time_encoding": "sin_raw",
    "bias_mode": "node",
    "neural_dead_zone": 0.08970961137801522,
    "neural_output_bias": -0.17414753784152517,
    "use_adaptive_mutation": false
  },
  "best_fitness_per_seed": [
    299.90203857421875,
    305.1422119140625,
    412.9259338378906
  ],
  "avg_fitness_per_seed": [
    23.91393857497722,
    24.780189961865545,
    25.8861360200122
  ],
  "mean_best_fitness": 339.3233947753906,
  "mean_avg_fitness": 24.860088185618324,
  "generations": 150,
  "seeds": [
    42,
    123,
    456
  ]
}