{
  "trial_number": 96,
  "params": {
    "neat_initial_connectivity": "full",
    "neat_add_connection_rate": 0.37010648103702126,
    "neat_add_node_rate": 0.23795058273349445,
    "neat_enable_rate": 0.03671571088844155,
    "neat_disable_rate": 0.09008332916526603,
    "neat_max_hidden_nodes": 24,
    "weight_mutation_rate": 0.6001859810004797,
    "weight_mutation_magnitude": 0.5109465921899004,
    "compatibility_threshold": 4.193533615211796,
    "neat_excess_coefficient": 1.1479560453276874,
    "neat_disjoint_coefficient": 0.9287476487833033,
    "neat_weight_coefficient": 0.6968740378734336,
    "min_species_size": 3,
    "mutation_rate": 0.41786806112798325,
    "mutation_magnitude": 0.4572941376261325,
    "cull_percentage": 0.5010118091984598,
    "use_crossover": true,
    "crossover_rate": 0.23068563250327973,
    "use_proprioception": false,
    "min_nodes": 4,
    "max_nodes": 12,
    "max_muscles": 11,
    "time_encoding": "sin",
    "bias_mode": "bias_node",
    "neural_dead_zone": 0.12264550564664747,
    "neural_output_bias": -0.07833812257331363,
    "use_adaptive_mutation": false
  },
  "best_fitness_per_seed": [
    199.73965454101562,
    218.0479736328125,
    0.0,
    236.9112548828125,
    0.0
  ],
  "avg_fitness_per_seed": [
    40.902437125444415,
    47.14416441619396,
    0.0,
    36.96734669193626,
    0.0
  ],
  "mean_best_fitness": 130.9397766113281,
  "mean_avg_fitness": 25.002789646714927,
  "generations": 150,
  "seeds": [
    42,
    123,
    456
  ]
}