{
  "trial_number": 30,
  "params": {
    "neat_initial_connectivity": "none",
    "neat_add_connection_rate": 0.17135001484410578,
    "neat_add_node_rate": 0.15535725909964332,
    "neat_enable_rate": 0.0003565557314806553,
    "neat_disable_rate": 0.07930350642392436,
    "neat_max_hidden_nodes": 38,
    "weight_mutation_rate": 0.6341341743150295,
    "weight_mutation_magnitude": 0.4252938068044749,
    "compatibility_threshold": 1.5803418589863059,
    "neat_excess_coefficient": 0.6207917764355312,
    "neat_disjoint_coefficient": 1.0689956374443725,
    "neat_weight_coefficient": 0.7613221402076645,
    "min_species_size": 3,
    "mutation_rate": 0.2954445165802332,
    "mutation_magnitude": 0.3934240934269979,
    "cull_percentage": 0.6229734421124963,
    "use_crossover": true,
    "crossover_rate": 0.26359196498930304,
    "use_proprioception": false,
    "min_nodes": 4,
    "max_nodes": 10,
    "max_muscles": 13,
    "time_encoding": "sin_raw",
    "bias_mode": "node",
    "neural_dead_zone": 0.036971480816412716,
    "neural_output_bias": -0.18691757230120204,
    "use_adaptive_mutation": false
  },
  "best_fitness_per_seed": [
    394.19989013671875,
    321.1880798339844,
    324.0644226074219
  ],
  "avg_fitness_per_seed": [
    21.104781781174243,
    20.686636596247553,
    23.533570001721383
  ],
  "mean_best_fitness": 346.484130859375,
  "mean_avg_fitness": 21.77499612638106,
  "generations": 150,
  "seeds": [
    42,
    123,
    456
  ]
}