{
  "trial_number": 57,
  "params": {
    "neat_initial_connectivity": "full",
    "neat_add_connection_rate": 0.48134594755665444,
    "neat_add_node_rate": 0.284025620115878,
    "neat_enable_rate": 0.040287932263005935,
    "neat_disable_rate": 0.08553722240637829,
    "neat_max_hidden_nodes": 26,
    "weight_mutation_rate": 0.6998884673885649,
    "weight_mutation_magnitude": 0.41609551926058486,
    "compatibility_threshold": 3.464284292453915,
    "neat_excess_coefficient": 0.8670826045101814,
    "neat_disjoint_coefficient": 0.714452845379689,
    "neat_weight_coefficient": 0.7827045583128769,
    "min_species_size": 2,
    "mutation_rate": 0.3797342942237443,
    "mutation_magnitude": 0.4420830561013397,
    "cull_percentage": 0.7592308460958362,
    "use_crossover": true,
    "crossover_rate": 0.2709604835183651,
    "use_proprioception": false,
    "min_nodes": 4,
    "max_nodes": 12,
    "max_muscles": 12,
    "time_encoding": "none",
    "bias_mode": "node",
    "neural_dead_zone": 0.18921821674270078,
    "neural_output_bias": -0.23277870708437431,
    "use_adaptive_mutation": false
  },
  "best_fitness_per_seed": [
    407.2762451171875,
    412.958984375,
    498.1922912597656
  ],
  "avg_fitness_per_seed": [
    26.929343724772334,
    29.493504280894996,
    26.502842248827218
  ],
  "mean_best_fitness": 439.47584025065106,
  "mean_avg_fitness": 27.641896751498184,
  "generations": 150,
  "seeds": [
    42,
    123,
    456
  ]
}