{
  "trial_number": 27,
  "params": {
    "neat_initial_connectivity": "sparse_outputs",
    "neat_add_connection_rate": 0.10879260216387414,
    "neat_add_node_rate": 0.1345371567359156,
    "neat_enable_rate": 0.03935095111253668,
    "neat_disable_rate": 0.06286209116854048,
    "neat_max_hidden_nodes": 35,
    "weight_mutation_rate": 0.5415902654825258,
    "weight_mutation_magnitude": 0.3001484587400576,
    "compatibility_threshold": 1.5781567108400143,
    "neat_excess_coefficient": 0.7028667371329096,
    "neat_disjoint_coefficient": 1.7149676618804375,
    "neat_weight_coefficient": 0.5894125415950124,
    "min_species_size": 3,
    "mutation_rate": 0.47714669934265097,
    "mutation_magnitude": 0.4733675911400756,
    "cull_percentage": 0.6646374955539729,
    "use_crossover": true,
    "crossover_rate": 0.25798994482538706,
    "use_proprioception": false,
    "min_nodes": 4,
    "max_nodes": 9,
    "max_muscles": 10,
    "time_encoding": "cyclic",
    "bias_mode": "node",
    "neural_dead_zone": 0.08408161263562429,
    "neural_output_bias": -0.08448993657650769,
    "use_adaptive_mutation": false
  },
  "best_fitness_per_seed": [
    366.0497741699219,
    200.38658142089844,
    306.151123046875
  ],
  "avg_fitness_per_seed": [
    15.873986189588905,
    16.53485598705709,
    18.37431299075484
  ],
  "mean_best_fitness": 290.86249287923175,
  "mean_avg_fitness": 16.927718389133613,
  "generations": 150,
  "seeds": [
    42,
    123,
    456
  ]
}