{
  "trial_number": 17,
  "params": {
    "neat_initial_connectivity": "none",
    "neat_add_connection_rate": 0.2675927163902586,
    "neat_add_node_rate": 0.2040316687224249,
    "neat_enable_rate": 0.041335987833827255,
    "neat_disable_rate": 0.07195336279509422,
    "neat_max_hidden_nodes": 19,
    "weight_mutation_rate": 0.6923321043359314,
    "weight_mutation_magnitude": 0.23186441794131663,
    "compatibility_threshold": 3.6147580025904125,
    "neat_excess_coefficient": 0.6487018620700976,
    "neat_disjoint_coefficient": 0.6690816411491006,
    "neat_weight_coefficient": 0.6849992424821185,
    "min_species_size": 5,
    "mutation_rate": 0.5992483437747103,
    "mutation_magnitude": 0.4408593022802816,
    "cull_percentage": 0.7157625904456884,
    "use_crossover": true,
    "crossover_rate": 0.30186254937848717,
    "use_proprioception": false,
    "min_nodes": 4,
    "max_nodes": 5,
    "max_muscles": 15,
    "time_encoding": "cyclic",
    "bias_mode": "node",
    "neural_dead_zone": 0.1536226328966866,
    "neural_output_bias": -0.278862063083463,
    "use_adaptive_mutation": false
  },
  "best_fitness_per_seed": [
    211.8226318359375,
    260.9125061035156,
    199.82862854003906
  ],
  "avg_fitness_per_seed": [
    25.777885387688876,
    19.35483521685004,
    21.375968713834883
  ],
  "mean_best_fitness": 224.18792215983072,
  "mean_avg_fitness": 22.1695631061246,
  "generations": 150,
  "seeds": [
    42,
    123,
    456
  ]
}