{
  "trial_number": 72,
  "params": {
    "neat_initial_connectivity": "full",
    "neat_add_connection_rate": 0.5120071948501294,
    "neat_add_node_rate": 0.27316262831624527,
    "neat_enable_rate": 0.04497836232255844,
    "neat_disable_rate": 0.09680985356762645,
    "neat_max_hidden_nodes": 32,
    "weight_mutation_rate": 0.6671833663740218,
    "weight_mutation_magnitude": 0.5300605568618377,
    "compatibility_threshold": 3.770612158198882,
    "neat_excess_coefficient": 1.3721617682231417,
    "neat_disjoint_coefficient": 0.6950384718181086,
    "neat_weight_coefficient": 0.8106643189931131,
    "min_species_size": 1,
    "mutation_rate": 0.5012239964192265,
    "mutation_magnitude": 0.4900612903681729,
    "cull_percentage": 0.7362041121908238,
    "use_crossover": true,
    "crossover_rate": 0.26826907500138797,
    "use_proprioception": false,
    "min_nodes": 4,
    "max_nodes": 12,
    "max_muscles": 9,
    "time_encoding": "none",
    "bias_mode": "bias_node",
    "neural_dead_zone": 0.0963654462315677,
    "neural_output_bias": -0.1918696510837415,
    "use_adaptive_mutation": false
  },
  "best_fitness_per_seed": [
    334.81597900390625,
    299.6498107910156,
    324.2667541503906
  ],
  "avg_fitness_per_seed": [
    26.44515211865306,
    21.85560037970543,
    21.362072852700948
  ],
  "mean_best_fitness": 319.5775146484375,
  "mean_avg_fitness": 23.22094178368648,
  "generations": 150,
  "seeds": [
    42,
    123,
    456
  ]
}