{
  "trial_number": 41,
  "params": {
    "neat_initial_connectivity": "none",
    "neat_add_connection_rate": 0.30972771827170936,
    "neat_add_node_rate": 0.23218489853974444,
    "neat_enable_rate": 0.031296264511505585,
    "neat_disable_rate": 0.09870081993310714,
    "neat_max_hidden_nodes": 29,
    "weight_mutation_rate": 0.40326844056367517,
    "weight_mutation_magnitude": 0.31418694593931457,
    "compatibility_threshold": 2.448948434753211,
    "neat_excess_coefficient": 0.8769686844821966,
    "neat_disjoint_coefficient": 0.9599888399662888,
    "neat_weight_coefficient": 0.6971132797560168,
    "min_species_size": 5,
    "mutation_rate": 0.45052715462138815,
    "mutation_magnitude": 0.40034585865536315,
    "cull_percentage": 0.7290774517366486,
    "use_crossover": true,
    "crossover_rate": 0.2770232036126263,
    "use_proprioception": false,
    "min_nodes": 4,
    "max_nodes": 12,
    "max_muscles": 15,
    "time_encoding": "sin_raw",
    "bias_mode": "node",
    "neural_dead_zone": 0.14231548972771813,
    "neural_output_bias": -0.3385287554855424,
    "use_adaptive_mutation": false
  },
  "best_fitness_per_seed": [
    283.7523498535156,
    402.30535888671875,
    267.4002990722656
  ],
  "avg_fitness_per_seed": [
    20.03705797828734,
    15.73475017413497,
    19.941379620954393
  ],
  "mean_best_fitness": 317.8193359375,
  "mean_avg_fitness": 18.571062591125568,
  "generations": 150,
  "seeds": [
    42,
    123,
    456
  ]
}