{
  "trial_number": 12,
  "params": {
    "neat_initial_connectivity": "none",
    "neat_add_connection_rate": 0.5874965560772931,
    "neat_add_node_rate": 0.1896156809617312,
    "neat_enable_rate": 0.034775729308511444,
    "neat_disable_rate": 0.09851089593825274,
    "neat_max_hidden_nodes": 37,
    "weight_mutation_rate": 0.6018651699544468,
    "weight_mutation_magnitude": 0.32350027231612505,
    "compatibility_threshold": 1.8583230840763023,
    "neat_excess_coefficient": 0.5408285395867952,
    "neat_disjoint_coefficient": 1.0077251682022832,
    "neat_weight_coefficient": 0.5985555039022881,
    "min_species_size": 5,
    "mutation_rate": 0.4422291630987367,
    "mutation_magnitude": 0.4859468893088791,
    "cull_percentage": 0.7013153647549234,
    "use_crossover": true,
    "crossover_rate": 0.3061502785797773,
    "use_proprioception": false,
    "min_nodes": 4,
    "max_nodes": 12,
    "max_muscles": 13,
    "time_encoding": "sin_raw",
    "bias_mode": "node",
    "neural_dead_zone": 0.135791201796516,
    "neural_output_bias": -0.32150961267316924,
    "use_adaptive_mutation": false
  },
  "best_fitness_per_seed": [
    257.93731689453125,
    403.29718017578125,
    407.7998046875
  ],
  "avg_fitness_per_seed": [
    19.453138261958955,
    17.578126052841544,
    27.350939829796552
  ],
  "mean_best_fitness": 356.3447672526042,
  "mean_avg_fitness": 21.46073471486568,
  "generations": 150,
  "seeds": [
    42,
    123,
    456
  ]
}