{
  "trial_number": 16,
  "params": {
    "neat_initial_connectivity": "none",
    "neat_add_connection_rate": 0.36809618850947073,
    "neat_add_node_rate": 0.28651492855932864,
    "neat_enable_rate": 0.06523360339384768,
    "neat_disable_rate": 0.08331649083694578,
    "neat_max_hidden_nodes": 31,
    "weight_mutation_rate": 0.6590848324605907,
    "weight_mutation_magnitude": 0.21854792062176498,
    "compatibility_threshold": 2.8565604398644853,
    "neat_excess_coefficient": 1.0308342249652942,
    "neat_disjoint_coefficient": 1.5211144338636644,
    "neat_weight_coefficient": 0.8219040918287998,
    "min_species_size": 5,
    "mutation_rate": 0.5088361173167955,
    "mutation_magnitude": 0.4234920362434857,
    "cull_percentage": 0.71167203339332,
    "use_crossover": true,
    "crossover_rate": 0.4921832764921383,
    "use_proprioception": false,
    "min_nodes": 4,
    "max_nodes": 11,
    "max_muscles": 13,
    "time_encoding": "raw",
    "bias_mode": "node",
    "neural_dead_zone": 0.10840802708478944,
    "neural_output_bias": -0.364145805466962,
    "use_adaptive_mutation": false
  },
  "best_fitness_per_seed": [
    324.98492431640625,
    299.05682373046875,
    241.5429229736328
  ],
  "avg_fitness_per_seed": [
    19.412548461556433,
    14.224607600942255,
    16.0554558070004
  ],
  "mean_best_fitness": 288.5282236735026,
  "mean_avg_fitness": 16.564203956499696,
  "generations": 150,
  "seeds": [
    42,
    123,
    456
  ]
}