{
  "trial_number": 84,
  "params": {
    "neat_initial_connectivity": "full",
    "neat_add_connection_rate": 0.5255763601163148,
    "neat_add_node_rate": 0.23955714885746152,
    "neat_enable_rate": 0.033889188347438454,
    "neat_disable_rate": 0.08970954165092807,
    "neat_max_hidden_nodes": 30,
    "weight_mutation_rate": 0.553680779575944,
    "weight_mutation_magnitude": 0.6184169963177669,
    "compatibility_threshold": 2.86393695457243,
    "neat_excess_coefficient": 1.2804705895140986,
    "neat_disjoint_coefficient": 0.595976444837067,
    "neat_weight_coefficient": 0.7456750320604608,
    "min_species_size": 1,
    "mutation_rate": 0.47140497906391976,
    "mutation_magnitude": 0.47599091438844116,
    "cull_percentage": 0.6968354679092481,
    "use_crossover": true,
    "crossover_rate": 0.2154481560565237,
    "use_proprioception": false,
    "min_nodes": 4,
    "max_nodes": 12,
    "max_muscles": 11,
    "time_encoding": "none",
    "bias_mode": "bias_node",
    "neural_dead_zone": 0.10305842330912471,
    "neural_output_bias": -0.13993368118075605,
    "use_adaptive_mutation": false
  },
  "best_fitness_per_seed": [
    391.9375305175781,
    340.5251159667969,
    416.4977722167969
  ],
  "avg_fitness_per_seed": [
    35.75890980377793,
    23.3107639336586,
    23.73432848080993
  ],
  "mean_best_fitness": 382.98680623372394,
  "mean_avg_fitness": 27.601334072748823,
  "generations": 150,
  "seeds": [
    42,
    123,
    456
  ]
}