{
  "trial_number": 56,
  "params": {
    "neat_initial_connectivity": "full",
    "neat_add_connection_rate": 0.4816917289037345,
    "neat_add_node_rate": 0.26810916996616146,
    "neat_enable_rate": 0.03315589929063331,
    "neat_disable_rate": 0.0848692109122972,
    "neat_max_hidden_nodes": 23,
    "weight_mutation_rate": 0.6975420349728174,
    "weight_mutation_magnitude": 0.40515461701533717,
    "compatibility_threshold": 3.413261874621928,
    "neat_excess_coefficient": 0.8735421600813623,
    "neat_disjoint_coefficient": 0.7200725733409405,
    "neat_weight_coefficient": 0.7832105808891483,
    "min_species_size": 5,
    "mutation_rate": 0.3675449749297382,
    "mutation_magnitude": 0.4301148105113363,
    "cull_percentage": 0.7139957730037182,
    "use_crossover": true,
    "crossover_rate": 0.22618037286589834,
    "use_proprioception": false,
    "min_nodes": 4,
    "max_nodes": 12,
    "max_muscles": 12,
    "time_encoding": "none",
    "bias_mode": "node",
    "neural_dead_zone": 0.17914482451086697,
    "neural_output_bias": -0.42613361120647975,
    "use_adaptive_mutation": false
  },
  "best_fitness_per_seed": [
    410.1338195800781,
    399.78466796875,
    419.56390380859375
  ],
  "avg_fitness_per_seed": [
    27.784256502017378,
    39.667079604715106,
    28.972756409496068
  ],
  "mean_best_fitness": 409.8274637858073,
  "mean_avg_fitness": 32.14136417207619,
  "generations": 150,
  "seeds": [
    42,
    123,
    456
  ]
}