{
  "trial_number": 42,
  "params": {
    "neat_initial_connectivity": "none",
    "neat_add_connection_rate": 0.3954479799473413,
    "neat_add_node_rate": 0.21822073827409327,
    "neat_enable_rate": 0.02473549328020257,
    "neat_disable_rate": 0.09564973846495263,
    "neat_max_hidden_nodes": 25,
    "weight_mutation_rate": 0.8158649967916664,
    "weight_mutation_magnitude": 0.2740355439752831,
    "compatibility_threshold": 2.2839241302020676,
    "neat_excess_coefficient": 0.7776431291162414,
    "neat_disjoint_coefficient": 1.0019485866195295,
    "neat_weight_coefficient": 0.6770464545938056,
    "min_species_size": 5,
    "mutation_rate": 0.4086825678040486,
    "mutation_magnitude": 0.43288378139807737,
    "cull_percentage": 0.7688202879781666,
    "use_crossover": true,
    "crossover_rate": 0.2471278643680835,
    "use_proprioception": false,
    "min_nodes": 4,
    "max_nodes": 11,
    "max_muscles": 14,
    "time_encoding": "sin_raw",
    "bias_mode": "node",
    "neural_dead_zone": 0.18407711846570524,
    "neural_output_bias": -0.3850561866306264,
    "use_adaptive_mutation": false
  },
  "best_fitness_per_seed": [
    410.0052795410156,
    299.7914123535156,
    399.81646728515625
  ],
  "avg_fitness_per_seed": [
    20.293578293099998,
    13.5191120326519,
    25.993890938833356
  ],
  "mean_best_fitness": 369.8710530598958,
  "mean_avg_fitness": 19.935527088195087,
  "generations": 150,
  "seeds": [
    42,
    123,
    456
  ]
}