{
  "trial_number": 10,
  "params": {
    "neat_initial_connectivity": "full",
    "neat_add_connection_rate": 0.4320028798722958,
    "neat_add_node_rate": 0.2575069100930778,
    "neat_enable_rate": 0.09322903419117876,
    "neat_disable_rate": 0.05096011569443214,
    "neat_max_hidden_nodes": 23,
    "weight_mutation_rate": 0.40857713981215094,
    "weight_mutation_magnitude": 0.30234148170861497,
    "compatibility_threshold": 1.137769945400587,
    "neat_excess_coefficient": 0.5184667543474062,
    "neat_disjoint_coefficient": 1.5775705732126288,
    "neat_weight_coefficient": 0.6541633372363899,
    "min_species_size": 5,
    "mutation_rate": 0.45761779226488863,
    "mutation_magnitude": 0.4976021278096385,
    "cull_percentage": 0.334423043100312,
    "use_crossover": true,
    "crossover_rate": 0.7901476015597235,
    "use_proprioception": false,
    "min_nodes": 4,
    "max_nodes": 7,
    "max_muscles": 9,
    "time_encoding": "none",
    "bias_mode": "bias_node",
    "neural_dead_zone": 0.18227325503162725,
    "neural_output_bias": -0.14941870230312002,
    "use_adaptive_mutation": false
  },
  "best_fitness_per_seed": [
    227.46983337402344,
    242.2320556640625,
    358.3611755371094
  ],
  "avg_fitness_per_seed": [
    10.565966011993588,
    10.173654006794095,
    10.90432200435549
  ],
  "mean_best_fitness": 276.0210215250651,
  "mean_avg_fitness": 10.547980674381058,
  "generations": 150,
  "seeds": [
    42,
    123,
    456
  ]
}