{
  "trial_number": 51,
  "params": {
    "neat_initial_connectivity": "none",
    "neat_add_connection_rate": 0.38474020810251547,
    "neat_add_node_rate": 0.29459942861970856,
    "neat_enable_rate": 0.023723886353034532,
    "neat_disable_rate": 0.013682197893159968,
    "neat_max_hidden_nodes": 20,
    "weight_mutation_rate": 0.7628844989946759,
    "weight_mutation_magnitude": 0.2656007977840844,
    "compatibility_threshold": 2.678936974429033,
    "neat_excess_coefficient": 0.6712678004139526,
    "neat_disjoint_coefficient": 1.0321464262657405,
    "neat_weight_coefficient": 0.668620744305644,
    "min_species_size": 5,
    "mutation_rate": 0.3583776252174833,
    "mutation_magnitude": 0.37194896059218635,
    "cull_percentage": 0.635685440408813,
    "use_crossover": true,
    "crossover_rate": 0.23789967893806,
    "use_proprioception": false,
    "min_nodes": 4,
    "max_nodes": 10,
    "max_muscles": 16,
    "time_encoding": "cyclic",
    "bias_mode": "node",
    "neural_dead_zone": 0.1832150877249276,
    "neural_output_bias": -0.41693917238394274,
    "use_adaptive_mutation": false
  },
  "best_fitness_per_seed": [
    219.83380126953125,
    318.606201171875,
    500.67132568359375
  ],
  "avg_fitness_per_seed": [
    18.25113856308162,
    26.006977793946863,
    28.092975628972052
  ],
  "mean_best_fitness": 346.3704427083333,
  "mean_avg_fitness": 24.11703066200018,
  "generations": 150,
  "seeds": [
    42,
    123,
    456
  ]
}