{
  "trial_number": 33,
  "params": {
    "neat_initial_connectivity": "none",
    "neat_add_connection_rate": 0.47455341127911693,
    "neat_add_node_rate": 0.16377127790784754,
    "neat_enable_rate": 0.02191026802876488,
    "neat_disable_rate": 0.09986545879093715,
    "neat_max_hidden_nodes": 25,
    "weight_mutation_rate": 0.7159136508256156,
    "weight_mutation_magnitude": 0.2687489995244007,
    "compatibility_threshold": 2.781917663741934,
    "neat_excess_coefficient": 0.8376109762259729,
    "neat_disjoint_coefficient": 1.0383459661250578,
    "neat_weight_coefficient": 0.8885947848393538,
    "min_species_size": 5,
    "mutation_rate": 0.37655769818610996,
    "mutation_magnitude": 0.4799001392146629,
    "cull_percentage": 0.7212817303222159,
    "use_crossover": true,
    "crossover_rate": 0.20226322035908373,
    "use_proprioception": false,
    "min_nodes": 4,
    "max_nodes": 11,
    "max_muscles": 15,
    "time_encoding": "sin_raw",
    "bias_mode": "node",
    "neural_dead_zone": 0.17057365447685574,
    "neural_output_bias": -0.2589460376810251,
    "use_adaptive_mutation": false
  },
  "best_fitness_per_seed": [
    331.2870788574219,
    352.8735656738281,
    488.4502868652344
  ],
  "avg_fitness_per_seed": [
    22.16812474049628,
    30.29140005171299,
    24.827864074632526
  ],
  "mean_best_fitness": 390.8703104654948,
  "mean_avg_fitness": 25.76246295561393,
  "generations": 150,
  "seeds": [
    42,
    123,
    456
  ]
}