{
  "trial_number": 44,
  "params": {
    "neat_initial_connectivity": "none",
    "neat_add_connection_rate": 0.38344690355424815,
    "neat_add_node_rate": 0.25641864428728495,
    "neat_enable_rate": 0.024038164037421674,
    "neat_disable_rate": 0.013823378415922759,
    "neat_max_hidden_nodes": 21,
    "weight_mutation_rate": 0.7433293157677375,
    "weight_mutation_magnitude": 0.27630860532027907,
    "compatibility_threshold": 2.7609715625341495,
    "neat_excess_coefficient": 0.6649894619101224,
    "neat_disjoint_coefficient": 1.0308985422624162,
    "neat_weight_coefficient": 0.6621111722986482,
    "min_species_size": 5,
    "mutation_rate": 0.36171499280573144,
    "mutation_magnitude": 0.3749925344190547,
    "cull_percentage": 0.6424261892940815,
    "use_crossover": true,
    "crossover_rate": 0.22853903672321713,
    "use_proprioception": false,
    "min_nodes": 4,
    "max_nodes": 10,
    "max_muscles": 16,
    "time_encoding": "cyclic",
    "bias_mode": "node",
    "neural_dead_zone": 0.17680481972819212,
    "neural_output_bias": -0.42417648653910023,
    "use_adaptive_mutation": false
  },
  "best_fitness_per_seed": [
    339.0948181152344,
    399.0956115722656,
    328.5292053222656
  ],
  "avg_fitness_per_seed": [
    29.977345394641162,
    25.45115965694189,
    21.888886643126607
  ],
  "mean_best_fitness": 355.5732116699219,
  "mean_avg_fitness": 25.772463898236552,
  "generations": 150,
  "seeds": [
    42,
    123,
    456
  ]
}