{
  "trial_number": 83,
  "params": {
    "neat_initial_connectivity": "full",
    "neat_add_connection_rate": 0.46985989418519186,
    "neat_add_node_rate": 0.22954653322905774,
    "neat_enable_rate": 0.04440804396130511,
    "neat_disable_rate": 0.09399808477594636,
    "neat_max_hidden_nodes": 26,
    "weight_mutation_rate": 0.6077599297983338,
    "weight_mutation_magnitude": 0.5674508443233116,
    "compatibility_threshold": 3.188661811080124,
    "neat_excess_coefficient": 1.5920631044403648,
    "neat_disjoint_coefficient": 0.7282184733016569,
    "neat_weight_coefficient": 0.43005688043408435,
    "min_species_size": 1,
    "mutation_rate": 0.47973187142608076,
    "mutation_magnitude": 0.4926135188650939,
    "cull_percentage": 0.6717792268090034,
    "use_crossover": true,
    "crossover_rate": 0.21838974601038888,
    "use_proprioception": false,
    "min_nodes": 4,
    "max_nodes": 12,
    "max_muscles": 10,
    "time_encoding": "none",
    "bias_mode": "bias_node",
    "neural_dead_zone": 0.19261289547101795,
    "neural_output_bias": -0.22716203979912897,
    "use_adaptive_mutation": false
  },
  "best_fitness_per_seed": [
    317.85205078125,
    305.90673828125,
    399.7110900878906
  ],
  "avg_fitness_per_seed": [
    22.698909746110438,
    19.047325827777385,
    26.02895828410983
  ],
  "mean_best_fitness": 341.15662638346356,
  "mean_avg_fitness": 22.591731285999217,
  "generations": 150,
  "seeds": [
    42,
    123,
    456
  ]
}