{
  "trial_number": 15,
  "params": {
    "neat_initial_connectivity": "none",
    "neat_add_connection_rate": 0.33530542952582715,
    "neat_add_node_rate": 0.20452073895277606,
    "neat_enable_rate": 0.03511466691080445,
    "neat_disable_rate": 0.07068329287099642,
    "neat_max_hidden_nodes": 15,
    "weight_mutation_rate": 0.9108801546693012,
    "weight_mutation_magnitude": 0.38396119179866506,
    "compatibility_threshold": 3.27774964031719,
    "neat_excess_coefficient": 0.7787155269676665,
    "neat_disjoint_coefficient": 0.9684248629987505,
    "neat_weight_coefficient": 0.462160058005859,
    "min_species_size": 4,
    "mutation_rate": 0.3890259011203414,
    "mutation_magnitude": 0.1273152665426192,
    "cull_percentage": 0.7117507633603825,
    "use_crossover": true,
    "crossover_rate": 0.2955277211505734,
    "use_proprioception": false,
    "min_nodes": 4,
    "max_nodes": 11,
    "max_muscles": 8,
    "time_encoding": "none",
    "bias_mode": "node",
    "neural_dead_zone": 0.13750976958856276,
    "neural_output_bias": -0.3442554477166614,
    "use_adaptive_mutation": false
  },
  "best_fitness_per_seed": [
    104.12881469726562,
    103.6119384765625,
    0.0,
    51.87842559814453,
    0.0
  ],
  "avg_fitness_per_seed": [
    7.670376338288188,
    7.812647457420826,
    0.0,
    6.8441772375255825,
    0.0
  ],
  "mean_best_fitness": 51.92383575439453,
  "mean_avg_fitness": 4.465440206646919,
  "generations": 150,
  "seeds": [
    42,
    123,
    456
  ]
}