{
  "trial_number": 73,
  "params": {
    "neat_initial_connectivity": "full",
    "neat_add_connection_rate": 0.4660694728648324,
    "neat_add_node_rate": 0.2649708486031646,
    "neat_enable_rate": 0.03452001255500275,
    "neat_disable_rate": 0.0937868063546145,
    "neat_max_hidden_nodes": 27,
    "weight_mutation_rate": 0.568394523033743,
    "weight_mutation_magnitude": 0.4566592698795602,
    "compatibility_threshold": 3.080168805327622,
    "neat_excess_coefficient": 1.5156567593922115,
    "neat_disjoint_coefficient": 0.7897699743790657,
    "neat_weight_coefficient": 0.8706680062221618,
    "min_species_size": 1,
    "mutation_rate": 0.47312679143523223,
    "mutation_magnitude": 0.4683350770946786,
    "cull_percentage": 0.7054266201249203,
    "use_crossover": true,
    "crossover_rate": 0.23059420956928314,
    "use_proprioception": false,
    "min_nodes": 4,
    "max_nodes": 12,
    "max_muscles": 10,
    "time_encoding": "none",
    "bias_mode": "bias_node",
    "neural_dead_zone": 0.0765358362692191,
    "neural_output_bias": -0.23790857527447504,
    "use_adaptive_mutation": false
  },
  "best_fitness_per_seed": [
    404.2151794433594,
    399.7086486816406,
    372.2464294433594
  ],
  "avg_fitness_per_seed": [
    30.192662344500423,
    20.73589382469654,
    26.016398892104625
  ],
  "mean_best_fitness": 392.05675252278644,
  "mean_avg_fitness": 25.648318353767195,
  "generations": 150,
  "seeds": [
    42,
    123,
    456
  ]
}