{
  "trial_number": 76,
  "params": {
    "neat_initial_connectivity": "full",
    "neat_add_connection_rate": 0.45284305441281936,
    "neat_add_node_rate": 0.24205037607570196,
    "neat_enable_rate": 0.06435133763542575,
    "neat_disable_rate": 0.08666662722892175,
    "neat_max_hidden_nodes": 23,
    "weight_mutation_rate": 0.5689532939579611,
    "weight_mutation_magnitude": 0.5139485161313136,
    "compatibility_threshold": 3.9807720756494573,
    "neat_excess_coefficient": 1.6879746087626015,
    "neat_disjoint_coefficient": 0.7171089949018407,
    "neat_weight_coefficient": 0.7698379080162288,
    "min_species_size": 2,
    "mutation_rate": 0.524007902969873,
    "mutation_magnitude": 0.4439951590967421,
    "cull_percentage": 0.7499142471700737,
    "use_crossover": true,
    "crossover_rate": 0.23724947398932061,
    "use_proprioception": true,
    "proprioception_inputs": "velocity",
    "min_nodes": 4,
    "max_nodes": 12,
    "max_muscles": 9,
    "time_encoding": "none",
    "bias_mode": "bias_node",
    "neural_dead_zone": 0.06883222612705213,
    "neural_output_bias": -0.21358586893211215,
    "use_adaptive_mutation": false
  },
  "best_fitness_per_seed": [
    399.8269348144531,
    191.05943298339844,
    511.9761962890625
  ],
  "avg_fitness_per_seed": [
    25.37147515170276,
    17.21436261270195,
    32.83265470579266
  ],
  "mean_best_fitness": 367.620854695638,
  "mean_avg_fitness": 25.139497490065793,
  "generations": 150,
  "seeds": [
    42,
    123,
    456
  ]
}