{
  "trial_number": 58,
  "params": {
    "neat_initial_connectivity": "full",
    "neat_add_connection_rate": 0.4886975967405004,
    "neat_add_node_rate": 0.2698757627334806,
    "neat_enable_rate": 0.04040314023604628,
    "neat_disable_rate": 0.06863105330352472,
    "neat_max_hidden_nodes": 26,
    "weight_mutation_rate": 0.6949613136761112,
    "weight_mutation_magnitude": 0.41285353328090757,
    "compatibility_threshold": 3.4902736330032518,
    "neat_excess_coefficient": 0.8762794534065544,
    "neat_disjoint_coefficient": 0.7360245022243173,
    "neat_weight_coefficient": 0.7927612034894003,
    "min_species_size": 1,
    "mutation_rate": 0.33990185894158936,
    "mutation_magnitude": 0.4261703340487771,
    "cull_percentage": 0.7590545589238167,
    "use_crossover": true,
    "crossover_rate": 0.4622283807022951,
    "use_proprioception": false,
    "min_nodes": 4,
    "max_nodes": 12,
    "max_muscles": 11,
    "time_encoding": "none",
    "bias_mode": "node",
    "neural_dead_zone": 0.18532807233843004,
    "neural_output_bias": -0.11875809978295215,
    "use_adaptive_mutation": false
  },
  "best_fitness_per_seed": [
    317.7098388671875,
    286.1224060058594,
    252.00192260742188
  ],
  "avg_fitness_per_seed": [
    18.997919508740306,
    12.937528499537148,
    14.669769353456795
  ],
  "mean_best_fitness": 285.27805582682294,
  "mean_avg_fitness": 15.535072453911416,
  "generations": 150,
  "seeds": [
    42,
    123,
    456
  ]
}