{
  "trial_number": 36,
  "params": {
    "neat_initial_connectivity": "none",
    "neat_add_connection_rate": 0.46688347538429276,
    "neat_add_node_rate": 0.156677844281122,
    "neat_enable_rate": 0.01791795631035987,
    "neat_disable_rate": 0.0938839011877151,
    "neat_max_hidden_nodes": 45,
    "weight_mutation_rate": 0.6772466508423853,
    "weight_mutation_magnitude": 0.39096362207198226,
    "compatibility_threshold": 4.973122596091881,
    "neat_excess_coefficient": 1.1400148698080532,
    "neat_disjoint_coefficient": 1.1615516627411762,
    "neat_weight_coefficient": 0.9448681007595621,
    "min_species_size": 4,
    "mutation_rate": 0.3696549817198008,
    "mutation_magnitude": 0.45672941300923153,
    "cull_percentage": 0.4785024328474435,
    "use_crossover": true,
    "crossover_rate": 0.3721243557590048,
    "use_proprioception": false,
    "min_nodes": 4,
    "max_nodes": 10,
    "max_muscles": 12,
    "time_encoding": "sin",
    "bias_mode": "node",
    "neural_dead_zone": 0.015286978808501633,
    "neural_output_bias": -0.20629210873014028,
    "use_adaptive_mutation": true,
    "stagnation_threshold": 29,
    "adaptive_mutation_boost": 2.5923227580757096
  },
  "best_fitness_per_seed": [
    233.58497619628906,
    299.90106201171875,
    266.7157287597656
  ],
  "avg_fitness_per_seed": [
    23.65701614577323,
    27.64677560172975,
    25.48581243839115
  ],
  "mean_best_fitness": 266.7339223225911,
  "mean_avg_fitness": 25.59653472863138,
  "generations": 150,
  "seeds": [
    42,
    123,
    456
  ]
}