{
  "trial_number": 38,
  "params": {
    "neat_initial_connectivity": "none",
    "neat_add_connection_rate": 0.5402932306117365,
    "neat_add_node_rate": 0.09088437019607022,
    "neat_enable_rate": 0.02668687823251629,
    "neat_disable_rate": 0.08776644976420137,
    "neat_max_hidden_nodes": 37,
    "weight_mutation_rate": 0.5640846905314892,
    "weight_mutation_magnitude": 0.7857637736316638,
    "compatibility_threshold": 3.5542703164394296,
    "neat_excess_coefficient": 1.9876565556588197,
    "neat_disjoint_coefficient": 0.6605034909862488,
    "neat_weight_coefficient": 0.7574549727769391,
    "min_species_size": 1,
    "mutation_rate": 0.24421366241511658,
    "mutation_magnitude": 0.47477495498852673,
    "cull_percentage": 0.39586744505001903,
    "use_crossover": true,
    "crossover_rate": 0.20303219636053793,
    "use_proprioception": false,
    "min_nodes": 4,
    "max_nodes": 10,
    "max_muscles": 13,
    "time_encoding": "sin_raw",
    "bias_mode": "node",
    "neural_dead_zone": 0.10796602255556273,
    "neural_output_bias": -0.10528745884575907,
    "use_adaptive_mutation": false
  },
  "best_fitness_per_seed": [
    199.89462280273438,
    199.4403076171875,
    0.0,
    201.222900390625,
    0.0
  ],
  "avg_fitness_per_seed": [
    31.894354492649438,
    24.452863296940922,
    0.0,
    20.639348898753525,
    0.0
  ],
  "mean_best_fitness": 120.11156616210937,
  "mean_avg_fitness": 15.397313337668777,
  "generations": 150,
  "seeds": [
    42,
    123,
    456
  ]
}