{
  "trial_number": 74,
  "params": {
    "neat_initial_connectivity": "full",
    "neat_add_connection_rate": 0.4165575304347031,
    "neat_add_node_rate": 0.268352040330514,
    "neat_enable_rate": 0.04774459888360706,
    "neat_disable_rate": 0.08121927422429888,
    "neat_max_hidden_nodes": 27,
    "weight_mutation_rate": 0.6825623568642462,
    "weight_mutation_magnitude": 0.461739783780167,
    "compatibility_threshold": 3.1080648194413123,
    "neat_excess_coefficient": 1.530494654822841,
    "neat_disjoint_coefficient": 0.7907236560647254,
    "neat_weight_coefficient": 0.8667130945933894,
    "min_species_size": 1,
    "mutation_rate": 0.46703722101786166,
    "mutation_magnitude": 0.4526618095191212,
    "cull_percentage": 0.3284185382865652,
    "use_crossover": true,
    "crossover_rate": 0.2230619114768442,
    "use_proprioception": false,
    "min_nodes": 4,
    "max_nodes": 12,
    "max_muscles": 10,
    "time_encoding": "none",
    "bias_mode": "bias_node",
    "neural_dead_zone": 0.07932369512033409,
    "neural_output_bias": -0.27939158674505904,
    "use_adaptive_mutation": false
  },
  "best_fitness_per_seed": [
    209.5648956298828,
    279.59521484375,
    391.4583435058594
  ],
  "avg_fitness_per_seed": [
    25.776107617914676,
    17.738127432912588,
    44.966677069962024
  ],
  "mean_best_fitness": 293.53948465983075,
  "mean_avg_fitness": 29.49363737359643,
  "generations": 150,
  "seeds": [
    42,
    123,
    456
  ]
}