{
  "trial_number": 52,
  "params": {
    "neat_initial_connectivity": "none",
    "neat_add_connection_rate": 0.28582887958160513,
    "neat_add_node_rate": 0.25883977403779557,
    "neat_enable_rate": 0.018654834816473988,
    "neat_disable_rate": 0.02548167357273484,
    "neat_max_hidden_nodes": 14,
    "weight_mutation_rate": 0.7142735079234982,
    "weight_mutation_magnitude": 0.2939047208336757,
    "compatibility_threshold": 1.6782948636337056,
    "neat_excess_coefficient": 0.730166543250282,
    "neat_disjoint_coefficient": 1.0865119446850653,
    "neat_weight_coefficient": 0.6178559386548962,
    "min_species_size": 5,
    "mutation_rate": 0.3882228550283717,
    "mutation_magnitude": 0.38295038014721905,
    "cull_percentage": 0.6292720231366254,
    "use_crossover": true,
    "crossover_rate": 0.27960175401654497,
    "use_proprioception": false,
    "min_nodes": 4,
    "max_nodes": 11,
    "max_muscles": 16,
    "time_encoding": "cyclic",
    "bias_mode": "node",
    "neural_dead_zone": 0.17434646856988428,
    "neural_output_bias": -0.4667482281731342,
    "use_adaptive_mutation": false
  },
  "best_fitness_per_seed": [
    315.6805725097656,
    184.50039672851562,
    284.1677551269531
  ],
  "avg_fitness_per_seed": [
    19.808338534608485,
    18.7283593095839,
    28.42413037478924
  ],
  "mean_best_fitness": 261.44957478841144,
  "mean_avg_fitness": 22.320276072993877,
  "generations": 150,
  "seeds": [
    42,
    123,
    456
  ]
}