{
  "trial_number": 14,
  "params": {
    "neat_initial_connectivity": "none",
    "neat_add_connection_rate": 0.5913256799262129,
    "neat_add_node_rate": 0.22005105394343608,
    "neat_enable_rate": 0.03410534426953844,
    "neat_disable_rate": 0.09438658020309545,
    "neat_max_hidden_nodes": 26,
    "weight_mutation_rate": 0.9412627262290677,
    "weight_mutation_magnitude": 0.25260963942345255,
    "compatibility_threshold": 2.123309056025084,
    "neat_excess_coefficient": 0.7870712967950318,
    "neat_disjoint_coefficient": 0.8985397396824697,
    "neat_weight_coefficient": 0.7461945627619095,
    "min_species_size": 4,
    "mutation_rate": 0.4638687768356053,
    "mutation_magnitude": 0.4105477844276636,
    "cull_percentage": 0.7646793271350768,
    "use_crossover": true,
    "crossover_rate": 0.31026789106075114,
    "use_proprioception": false,
    "min_nodes": 4,
    "max_nodes": 12,
    "max_muscles": 10,
    "time_encoding": "sin_raw",
    "bias_mode": "bias_node",
    "neural_dead_zone": 0.14526676012020287,
    "neural_output_bias": -0.36318226396996267,
    "use_adaptive_mutation": false
  },
  "best_fitness_per_seed": [
    218.6533660888672,
    218.3955078125,
    205.80142211914062
  ],
  "avg_fitness_per_seed": [
    22.55497349936515,
    14.103621241375803,
    12.656514915078878
  ],
  "mean_best_fitness": 214.28343200683594,
  "mean_avg_fitness": 16.43836988527328,
  "generations": 150,
  "seeds": [
    42,
    123,
    456
  ]
}