{
  "trial_number": 93,
  "params": {
    "neat_initial_connectivity": "full",
    "neat_add_connection_rate": 0.4254202271815803,
    "neat_add_node_rate": 0.06154334032837741,
    "neat_enable_rate": 0.02871521103079851,
    "neat_disable_rate": 0.08745098091138112,
    "neat_max_hidden_nodes": 18,
    "weight_mutation_rate": 0.7216934261369576,
    "weight_mutation_magnitude": 0.37244881990097956,
    "compatibility_threshold": 3.3149268048577274,
    "neat_excess_coefficient": 0.9188665579121569,
    "neat_disjoint_coefficient": 0.91370623080432,
    "neat_weight_coefficient": 0.7007845495699307,
    "min_species_size": 3,
    "mutation_rate": 0.43859959299000195,
    "mutation_magnitude": 0.40555126549051523,
    "cull_percentage": 0.7790431811312689,
    "use_crossover": true,
    "crossover_rate": 0.21282448817628707,
    "use_proprioception": false,
    "min_nodes": 4,
    "max_nodes": 12,
    "max_muscles": 11,
    "time_encoding": "none",
    "bias_mode": "bias_node",
    "neural_dead_zone": 0.10041790320295828,
    "neural_output_bias": -0.2710596565949676,
    "use_adaptive_mutation": false
  },
  "best_fitness_per_seed": [
    319.0889892578125,
    419.8252258300781,
    432.1660461425781
  ],
  "avg_fitness_per_seed": [
    19.968981533497573,
    18.640662525966764,
    28.125749090015887
  ],
  "mean_best_fitness": 390.36008707682294,
  "mean_avg_fitness": 22.24513104982674,
  "generations": 150,
  "seeds": [
    42,
    123,
    456
  ]
}