{
  "trial_number": 71,
  "params": {
    "neat_initial_connectivity": "full",
    "neat_add_connection_rate": 0.4325274667716062,
    "neat_add_node_rate": 0.2906812689942697,
    "neat_enable_rate": 0.05491275924655477,
    "neat_disable_rate": 0.08906877403525633,
    "neat_max_hidden_nodes": 29,
    "weight_mutation_rate": 0.6093423190667312,
    "weight_mutation_magnitude": 0.6496371623704312,
    "compatibility_threshold": 3.425662863187467,
    "neat_excess_coefficient": 1.2256700139710959,
    "neat_disjoint_coefficient": 0.8192880226895756,
    "neat_weight_coefficient": 0.7282098081794108,
    "min_species_size": 1,
    "mutation_rate": 0.5665744417928911,
    "mutation_magnitude": 0.4744712020970429,
    "cull_percentage": 0.7144759912806505,
    "use_crossover": true,
    "crossover_rate": 0.22495506515128563,
    "use_proprioception": false,
    "min_nodes": 4,
    "max_nodes": 12,
    "max_muscles": 10,
    "time_encoding": "none",
    "bias_mode": "bias_node",
    "neural_dead_zone": 0.10525239164700807,
    "neural_output_bias": -0.21856590272321333,
    "use_adaptive_mutation": false
  },
  "best_fitness_per_seed": [
    181.59519958496094,
    303.6474914550781,
    0.0,
    303.1147155761719,
    0.0
  ],
  "avg_fitness_per_seed": [
    13.5252342081815,
    14.861793833673,
    0.0,
    17.14755022764206,
    0.0
  ],
  "mean_best_fitness": 157.67148132324218,
  "mean_avg_fitness": 9.106915653899312,
  "generations": 150,
  "seeds": [
    42,
    123,
    456
  ]
}