{
  "trial_number": 39,
  "params": {
    "neat_initial_connectivity": "sparse_inputs",
    "neat_add_connection_rate": 0.5715126529738926,
    "neat_add_node_rate": 0.19266527289637386,
    "neat_enable_rate": 0.015821254583925713,
    "neat_disable_rate": 0.038847284113301,
    "neat_max_hidden_nodes": 34,
    "weight_mutation_rate": 0.5072695763151914,
    "weight_mutation_magnitude": 0.35107305617664897,
    "compatibility_threshold": 1.1994680973107767,
    "neat_excess_coefficient": 0.958161131962676,
    "neat_disjoint_coefficient": 0.7711832678414899,
    "neat_weight_coefficient": 0.601346835181477,
    "min_species_size": 2,
    "mutation_rate": 0.5479225089613304,
    "mutation_magnitude": 0.3441479819952387,
    "cull_percentage": 0.5820516048686307,
    "use_crossover": true,
    "crossover_rate": 0.41431317867033846,
    "use_proprioception": true,
    "proprioception_inputs": "all",
    "min_nodes": 4,
    "max_nodes": 11,
    "max_muscles": 17,
    "time_encoding": "none",
    "bias_mode": "node",
    "neural_dead_zone": 0.06682859671433167,
    "neural_output_bias": -0.2992929593118021,
    "use_adaptive_mutation": false
  },
  "best_fitness_per_seed": [
    317.12445068359375,
    424.7132873535156,
    292.7865295410156
  ],
  "avg_fitness_per_seed": [
    23.944687257036566,
    14.448383908867836,
    10.155398061275482
  ],
  "mean_best_fitness": 344.874755859375,
  "mean_avg_fitness": 16.182823075726628,
  "generations": 150,
  "seeds": [
    42,
    123,
    456
  ]
}