{
  "trial_number": 46,
  "params": {
    "neat_initial_connectivity": "none",
    "neat_add_connection_rate": 0.07197146136773935,
    "neat_add_node_rate": 0.22550078232111315,
    "neat_enable_rate": 0.04267795577920172,
    "neat_disable_rate": 0.09609558358699793,
    "neat_max_hidden_nodes": 39,
    "weight_mutation_rate": 0.7622708355225895,
    "weight_mutation_magnitude": 0.5861831733943108,
    "compatibility_threshold": 1.2902098291875792,
    "neat_excess_coefficient": 1.0334853652660578,
    "neat_disjoint_coefficient": 1.1462977577539002,
    "neat_weight_coefficient": 0.9154118737041651,
    "min_species_size": 5,
    "mutation_rate": 0.3300316198842197,
    "mutation_magnitude": 0.17978600727497845,
    "cull_percentage": 0.7418178810006988,
    "use_crossover": true,
    "crossover_rate": 0.23987422618809584,
    "use_proprioception": false,
    "min_nodes": 4,
    "max_nodes": 12,
    "max_muscles": 14,
    "time_encoding": "sin_raw",
    "bias_mode": "bias_node",
    "neural_dead_zone": 0.16011626970285475,
    "neural_output_bias": -0.15087999824981793,
    "use_adaptive_mutation": false
  },
  "best_fitness_per_seed": [
    214.62396240234375,
    359.3930358886719,
    0.0,
    211.64732360839844,
    0.0
  ],
  "avg_fitness_per_seed": [
    22.924905381798744,
    29.12271288767457,
    0.0,
    23.053819737136365,
    0.0
  ],
  "mean_best_fitness": 157.13286437988282,
  "mean_avg_fitness": 15.020287601321936,
  "generations": 150,
  "seeds": [
    42,
    123,
    456
  ]
}