{
  "trial_number": 59,
  "params": {
    "neat_initial_connectivity": "full",
    "neat_add_connection_rate": 0.47517251869865035,
    "neat_add_node_rate": 0.2723021657353568,
    "neat_enable_rate": 0.05185078424400562,
    "neat_disable_rate": 0.08619099935357064,
    "neat_max_hidden_nodes": 23,
    "weight_mutation_rate": 0.6575720425980568,
    "weight_mutation_magnitude": 0.4873418000033788,
    "compatibility_threshold": 3.9193837911835336,
    "neat_excess_coefficient": 1.1045848031008612,
    "neat_disjoint_coefficient": 0.5487742493904988,
    "neat_weight_coefficient": 0.845024904502959,
    "min_species_size": 2,
    "mutation_rate": 0.37099905984300807,
    "mutation_magnitude": 0.4500169504601018,
    "cull_percentage": 0.7229165412108837,
    "use_crossover": true,
    "crossover_rate": 0.27927054125857553,
    "use_proprioception": false,
    "min_nodes": 4,
    "max_nodes": 12,
    "max_muscles": 12,
    "time_encoding": "none",
    "bias_mode": "node",
    "neural_dead_zone": 0.19084877934285518,
    "neural_output_bias": -0.22287985957404868,
    "use_adaptive_mutation": false
  },
  "best_fitness_per_seed": [
    399.7774963378906,
    319.4074401855469,
    180.1842041015625
  ],
  "avg_fitness_per_seed": [
    17.778687374293803,
    25.58528308548033,
    15.739958217926324
  ],
  "mean_best_fitness": 299.7897135416667,
  "mean_avg_fitness": 19.701309559233486,
  "generations": 150,
  "seeds": [
    42,
    123,
    456
  ]
}