{
  "trial_number": 85,
  "params": {
    "neat_initial_connectivity": "full",
    "neat_add_connection_rate": 0.43053502624988094,
    "neat_add_node_rate": 0.2480944592155449,
    "neat_enable_rate": 0.04754147574721612,
    "neat_disable_rate": 0.07885263897684885,
    "neat_max_hidden_nodes": 31,
    "weight_mutation_rate": 0.651546527083506,
    "weight_mutation_magnitude": 0.5253783909261865,
    "compatibility_threshold": 3.693333844380539,
    "neat_excess_coefficient": 1.16592894829281,
    "neat_disjoint_coefficient": 0.7770738004922091,
    "neat_weight_coefficient": 0.9043291150555661,
    "min_species_size": 2,
    "mutation_rate": 0.5368184060419514,
    "mutation_magnitude": 0.42371908827864857,
    "cull_percentage": 0.7331980107935732,
    "use_crossover": true,
    "crossover_rate": 0.30012998516533806,
    "use_proprioception": false,
    "min_nodes": 4,
    "max_nodes": 12,
    "max_muscles": 9,
    "time_encoding": "none",
    "bias_mode": "bias_node",
    "neural_dead_zone": 0.045378226321678004,
    "neural_output_bias": -0.18168722287446973,
    "use_adaptive_mutation": false
  },
  "best_fitness_per_seed": [
    390.6300354003906,
    292.1290283203125,
    292.3162536621094
  ],
  "avg_fitness_per_seed": [
    18.025772125646473,
    15.064865465387703,
    14.992526852265
  ],
  "mean_best_fitness": 325.0251057942708,
  "mean_avg_fitness": 16.027721481099725,
  "generations": 150,
  "seeds": [
    42,
    123,
    456
  ]
}