{
  "trial_number": 69,
  "params": {
    "neat_initial_connectivity": "full",
    "neat_add_connection_rate": 0.4371847621012942,
    "neat_add_node_rate": 0.25052467107734006,
    "neat_enable_rate": 0.07006678659587046,
    "neat_disable_rate": 0.0916802062998259,
    "neat_max_hidden_nodes": 33,
    "weight_mutation_rate": 0.6433912310145572,
    "weight_mutation_magnitude": 0.5523569808358818,
    "compatibility_threshold": 3.103640285720883,
    "neat_excess_coefficient": 1.4047908401653513,
    "neat_disjoint_coefficient": 0.6922150006930977,
    "neat_weight_coefficient": 0.7832151969893892,
    "min_species_size": 1,
    "mutation_rate": 0.5279709692751456,
    "mutation_magnitude": 0.4596360597915632,
    "cull_percentage": 0.6887251312522857,
    "use_crossover": true,
    "crossover_rate": 0.7914925068682218,
    "use_proprioception": false,
    "min_nodes": 4,
    "max_nodes": 12,
    "max_muscles": 8,
    "time_encoding": "none",
    "bias_mode": "bias_node",
    "neural_dead_zone": 0.08381547811042332,
    "neural_output_bias": -0.23375723007115082,
    "use_adaptive_mutation": false
  },
  "best_fitness_per_seed": [
    218.5086669921875,
    281.27972412109375,
    0.0,
    216.7436981201172,
    0.0
  ],
  "avg_fitness_per_seed": [
    13.090603246139363,
    15.968670366071164,
    0.0,
    14.941125245485456,
    0.0
  ],
  "mean_best_fitness": 143.3064178466797,
  "mean_avg_fitness": 8.800079771539197,
  "generations": 150,
  "seeds": [
    42,
    123,
    456
  ]
}