{
  "trial_number": 32,
  "params": {
    "neat_initial_connectivity": "none",
    "neat_add_connection_rate": 0.35316777861488446,
    "neat_add_node_rate": 0.1912463607507954,
    "neat_enable_rate": 0.03501290343050652,
    "neat_disable_rate": 0.08739171834777343,
    "neat_max_hidden_nodes": 48,
    "weight_mutation_rate": 0.8531545706895671,
    "weight_mutation_magnitude": 0.3242724364722814,
    "compatibility_threshold": 2.3133404218545452,
    "neat_excess_coefficient": 0.6003085088982835,
    "neat_disjoint_coefficient": 0.8775895590616316,
    "neat_weight_coefficient": 0.6264304807132811,
    "min_species_size": 5,
    "mutation_rate": 0.4332804730489932,
    "mutation_magnitude": 0.43968361341957773,
    "cull_percentage": 0.6765560199735365,
    "use_crossover": true,
    "crossover_rate": 0.25823964761286633,
    "use_proprioception": false,
    "min_nodes": 4,
    "max_nodes": 12,
    "max_muscles": 14,
    "time_encoding": "sin_raw",
    "bias_mode": "node",
    "neural_dead_zone": 0.15630113383085711,
    "neural_output_bias": -0.323265262367886,
    "use_adaptive_mutation": false
  },
  "best_fitness_per_seed": [
    319.8362121582031,
    289.6142272949219,
    330.97369384765625
  ],
  "avg_fitness_per_seed": [
    21.000131112113596,
    13.806532302424312,
    24.051393824070693
  ],
  "mean_best_fitness": 313.47471110026044,
  "mean_avg_fitness": 19.619352412869535,
  "generations": 150,
  "seeds": [
    42,
    123,
    456
  ]
}