{
  "trial_number": 70,
  "params": {
    "neat_initial_connectivity": "full",
    "neat_add_connection_rate": 0.45642472302683346,
    "neat_add_node_rate": 0.24721425193206775,
    "neat_enable_rate": 0.06001652761879829,
    "neat_disable_rate": 0.08528943898932095,
    "neat_max_hidden_nodes": 27,
    "weight_mutation_rate": 0.6490810173677815,
    "weight_mutation_magnitude": 0.5902920940391855,
    "compatibility_threshold": 3.2164480060679077,
    "neat_excess_coefficient": 1.4636636972673236,
    "neat_disjoint_coefficient": 0.6375160609313958,
    "neat_weight_coefficient": 0.8269088839070899,
    "min_species_size": 1,
    "mutation_rate": 0.4874864768455963,
    "mutation_magnitude": 0.41434377152423096,
    "cull_percentage": 0.7570064861374077,
    "use_crossover": true,
    "crossover_rate": 0.21972255068391353,
    "use_proprioception": false,
    "min_nodes": 4,
    "max_nodes": 12,
    "max_muscles": 9,
    "time_encoding": "none",
    "bias_mode": "bias_node",
    "neural_dead_zone": 0.08841293928984297,
    "neural_output_bias": -0.2658621090397128,
    "use_adaptive_mutation": false
  },
  "best_fitness_per_seed": [
    338.09466552734375,
    319.7333679199219,
    334.7314758300781
  ],
  "avg_fitness_per_seed": [
    16.80607696376741,
    20.184074825495482,
    13.389595830142499
  ],
  "mean_best_fitness": 330.85316975911456,
  "mean_avg_fitness": 16.793249206468463,
  "generations": 150,
  "seeds": [
    42,
    123,
    456
  ]
}