{
  "trial_number": 37,
  "params": {
    "neat_initial_connectivity": "sparse_outputs",
    "neat_add_connection_rate": 0.37976675338234067,
    "neat_add_node_rate": 0.12394765801777727,
    "neat_enable_rate": 0.03812458177732207,
    "neat_disable_rate": 0.07379542543331774,
    "neat_max_hidden_nodes": 18,
    "weight_mutation_rate": 0.5871032296942702,
    "weight_mutation_magnitude": 0.4717419800368662,
    "compatibility_threshold": 4.123176303003647,
    "neat_excess_coefficient": 0.5687040236033201,
    "neat_disjoint_coefficient": 1.2596254235829893,
    "neat_weight_coefficient": 0.8013809624039923,
    "min_species_size": 5,
    "mutation_rate": 0.4911009481514846,
    "mutation_magnitude": 0.24385293948926157,
    "cull_percentage": 0.5318712558939085,
    "use_crossover": true,
    "crossover_rate": 0.2584167113690049,
    "use_proprioception": true,
    "proprioception_inputs": "strain",
    "min_nodes": 3,
    "max_nodes": 8,
    "max_muscles": 19,
    "time_encoding": "raw",
    "bias_mode": "bias_node",
    "neural_dead_zone": 0.17053794480485374,
    "neural_output_bias": -0.24728861611832473,
    "use_adaptive_mutation": false
  },
  "best_fitness_per_seed": [
    375.9020080566406,
    397.760498046875,
    275.2221374511719
  ],
  "avg_fitness_per_seed": [
    19.87610495414585,
    24.919010090902447,
    19.769725397322325
  ],
  "mean_best_fitness": 349.6282145182292,
  "mean_avg_fitness": 21.521613480790204,
  "generations": 150,
  "seeds": [
    42,
    123,
    456
  ]
}