{
  "trial_number": 28,
  "params": {
    "neat_initial_connectivity": "full",
    "neat_add_connection_rate": 0.15026359881637338,
    "neat_add_node_rate": 0.09474166645161805,
    "neat_enable_rate": 0.04801889352282965,
    "neat_disable_rate": 0.04074167575450355,
    "neat_max_hidden_nodes": 31,
    "weight_mutation_rate": 0.43449654489750966,
    "weight_mutation_magnitude": 0.2497436525654425,
    "compatibility_threshold": 1.9958075488078633,
    "neat_excess_coefficient": 0.510891157894865,
    "neat_disjoint_coefficient": 1.1966791571234028,
    "neat_weight_coefficient": 0.4916594622673301,
    "min_species_size": 2,
    "mutation_rate": 0.42487245640450133,
    "mutation_magnitude": 0.10622786785475452,
    "cull_percentage": 0.7501075987110072,
    "use_crossover": true,
    "crossover_rate": 0.3369167585348512,
    "use_proprioception": false,
    "min_nodes": 4,
    "max_nodes": 12,
    "max_muscles": 16,
    "time_encoding": "sin_raw",
    "bias_mode": "node",
    "neural_dead_zone": 0.09951507400374375,
    "neural_output_bias": -0.0006562645175397785,
    "use_adaptive_mutation": false
  },
  "best_fitness_per_seed": [
    219.19740295410156,
    199.8557586669922,
    0.0,
    307.299560546875,
    0.0
  ],
  "avg_fitness_per_seed": [
    45.161411617025735,
    43.62512101501226,
    0.0,
    31.658610498681664,
    0.0
  ],
  "mean_best_fitness": 145.27054443359376,
  "mean_avg_fitness": 24.089028626143932,
  "generations": 150,
  "seeds": [
    42,
    123,
    456
  ]
}