{
  "trial_number": 82,
  "params": {
    "neat_initial_connectivity": "full",
    "neat_add_connection_rate": 0.46804983414386275,
    "neat_add_node_rate": 0.25119740134367297,
    "neat_enable_rate": 0.04332012368132081,
    "neat_disable_rate": 0.09270471867837811,
    "neat_max_hidden_nodes": 30,
    "weight_mutation_rate": 0.6079380923607771,
    "weight_mutation_magnitude": 0.5579803628119662,
    "compatibility_threshold": 3.1714386435681465,
    "neat_excess_coefficient": 1.158472800504981,
    "neat_disjoint_coefficient": 0.7169074309812566,
    "neat_weight_coefficient": 0.44214132383968074,
    "min_species_size": 1,
    "mutation_rate": 0.474210697704669,
    "mutation_magnitude": 0.49851116349467156,
    "cull_percentage": 0.6857515374649373,
    "use_crossover": true,
    "crossover_rate": 0.21794098755182273,
    "use_proprioception": false,
    "min_nodes": 4,
    "max_nodes": 12,
    "max_muscles": 10,
    "time_encoding": "none",
    "bias_mode": "bias_node",
    "neural_dead_zone": 0.10266062793426499,
    "neural_output_bias": -0.1827798025217991,
    "use_adaptive_mutation": false
  },
  "best_fitness_per_seed": [
    349.0657653808594,
    407.4533996582031,
    499.6932373046875
  ],
  "avg_fitness_per_seed": [
    26.98799281179905,
    29.554704208821057,
    31.876348839998244
  ],
  "mean_best_fitness": 418.7374674479167,
  "mean_avg_fitness": 29.473015286872783,
  "generations": 150,
  "seeds": [
    42,
    123,
    456
  ]
}