{
  "study_name": "thread-test",
  "mode": "pure",
  "n_trials": 2,
  "generations": 10,
  "seeds": [
    42
  ],
  "population_size": 200,
  "n_workers": 2,
  "best_trial": 0,
  "best_fitness": 112.31979370117188,
  "best_params": {
    "neural_hidden_size": 12,
    "weight_mutation_rate": 0.3226079634115991,
    "weight_mutation_magnitude": 0.375793770291345,
    "mutation_rate": 0.14800525637314835,
    "mutation_magnitude": 0.33284746026403955,
    "cull_percentage": 0.7528673953576529,
    "selection_method": "rank",
    "use_crossover": false,
    "use_proprioception": false,
    "min_nodes": 4,
    "max_nodes": 9,
    "max_muscles": 10,
    "neural_dead_zone": 0.03401892751291471,
    "neural_output_bias": -0.03620855967600184
  },
  "all_fitness": [
    112.31979370117188,
    97.45903015136719
  ]
}