{
  "trial_id": 0,
  "params": {
    "neural_hidden_size": 12,
    "weight_mutation_rate": 0.3226079634115991,
    "weight_mutation_magnitude": 0.375793770291345,
    "mutation_rate": 0.14800525637314835,
    "mutation_magnitude": 0.33284746026403955,
    "cull_percentage": 0.7528673953576529,
    "selection_method": "rank",
    "use_crossover": false,
    "use_proprioception": false,
    "min_nodes": 4,
    "max_nodes": 9,
    "max_muscles": 10,
    "neural_dead_zone": 0.03401892751291471,
    "neural_output_bias": -0.03620855967600184
  },
  "best_fitness_per_seed": [
    112.31979370117188
  ],
  "avg_fitness_per_seed": [
    7.571243517622352
  ],
  "mean_best_fitness": 112.31979370117188,
  "mean_avg_fitness": 7.571243517622352
}