{
  "trial_id": 1,
  "params": {
    "neural_hidden_size": 12,
    "weight_mutation_rate": 0.47414617799161995,
    "weight_mutation_magnitude": 0.5249451050491234,
    "mutation_rate": 0.42652520188213483,
    "mutation_magnitude": 0.4378503549402377,
    "cull_percentage": 0.5472889530402587,
    "selection_method": "rank",
    "use_crossover": false,
    "use_proprioception": false,
    "min_nodes": 4,
    "max_nodes": 8,
    "max_muscles": 11,
    "neural_dead_zone": 0.10927801270234905,
    "neural_output_bias": -0.42753805437904563
  },
  "best_fitness_per_seed": [
    97.45903015136719
  ],
  "avg_fitness_per_seed": [
    3.3756313480436804
  ],
  "mean_best_fitness": 97.45903015136719,
  "mean_avg_fitness": 3.3756313480436804
}