{
  "trial_number": 0,
  "params": {
    "neural_hidden_size": 20,
    "weight_mutation_rate": 0.4535247747130454,
    "weight_mutation_magnitude": 0.5556483708579404,
    "mutation_rate": 0.2579629240238863,
    "mutation_magnitude": 0.4576475105016319,
    "cull_percentage": 0.734177751324901,
    "selection_method": "truncation",
    "use_crossover": true,
    "crossover_rate": 0.2788719206799825,
    "use_proprioception": false,
    "min_nodes": 4,
    "max_nodes": 5,
    "max_muscles": 20,
    "neural_dead_zone": 0.036544039770951824,
    "neural_output_bias": -0.3254704622433847
  },
  "best_fitness_per_seed": [
    73.67440032958984
  ],
  "avg_fitness_per_seed": [
    4.293271505981684
  ],
  "mean_best_fitness": 73.67440032958984,
  "mean_avg_fitness": 4.293271505981684,
  "generations": 10,
  "seeds": [
    42
  ]
}