{
  "trial_number": 2,
  "params": {
    "neat_initial_connectivity": "sparse_outputs",
    "neat_add_connection_rate": 0.1592936248437948,
    "neat_add_node_rate": 0.011601413965844696,
    "neat_enable_rate": 0.08154614284548342,
    "neat_disable_rate": 0.07068573438476171,
    "neat_max_hidden_nodes": 37,
    "weight_mutation_rate": 0.8241986906772701,
    "weight_mutation_magnitude": 0.15183125621386326,
    "compatibility_threshold": 2.4338629141770904,
    "neat_excess_coefficient": 0.6738035892876946,
    "neat_disjoint_coefficient": 1.7946551388133902,
    "neat_weight_coefficient": 0.6609683141448022,
    "min_species_size": 2,
    "mutation_rate": 0.13177917514301182,
    "mutation_magnitude": 0.2243929286862649,
    "cull_percentage": 0.4625916610133735,
    "use_crossover": true,
    "crossover_rate": 0.6377637070028385,
    "use_proprioception": false,
    "min_nodes": 3,
    "max_nodes": 5,
    "max_muscles": 17,
    "bias_mode": "node",
    "neural_dead_zone": 0.1541934359909122,
    "neural_output_bias": -0.25310220181780463,
    "use_adaptive_mutation": true,
    "stagnation_threshold": 10,
    "adaptive_mutation_boost": 1.6618371404899568
  },
  "best_fitness_per_seed": [
    2.9176254272460938
  ],
  "avg_fitness_per_seed": [
    0.33530564631024995
  ],
  "mean_best_fitness": 2.9176254272460938,
  "mean_avg_fitness": 0.33530564631024995,
  "generations": 3,
  "seeds": [
    42
  ]
}