{
  "trial_id": 0,
  "params": {
    "neural_hidden_size": 24,
    "weight_mutation_rate": 0.4027044804134158,
    "weight_mutation_magnitude": 0.26164182634986954,
    "mutation_rate": 0.16207234445523996,
    "mutation_magnitude": 0.14942122427451252,
    "cull_percentage": 0.3052274500737543,
    "selection_method": "rank",
    "use_crossover": false,
    "use_proprioception": true,
    "proprioception_inputs": "all",
    "min_nodes": 3,
    "max_nodes": 7,
    "max_muscles": 15,
    "neural_dead_zone": 0.16905633124361957,
    "neural_output_bias": -0.34709807185378744
  },
  "best_fitness_per_seed": [
    6.733875751495361
  ],
  "avg_fitness_per_seed": [
    0.94454130589962
  ],
  "mean_best_fitness": 6.733875751495361,
  "mean_avg_fitness": 0.94454130589962
}