{
  "trial_id": 2,
  "params": {
    "neural_hidden_size": 4,
    "weight_mutation_rate": 0.2433395875515855,
    "weight_mutation_magnitude": 0.5952703294464714,
    "mutation_rate": 0.5608081394946328,
    "mutation_magnitude": 0.33392649437934063,
    "cull_percentage": 0.4977813184921392,
    "selection_method": "truncation",
    "use_crossover": true,
    "crossover_rate": 0.5821120853548256,
    "use_proprioception": true,
    "proprioception_inputs": "strain",
    "min_nodes": 4,
    "max_nodes": 9,
    "max_muscles": 10,
    "neural_dead_zone": 0.10165691721319195,
    "neural_output_bias": -0.3890247549215077
  },
  "best_fitness_per_seed": [
    212.57424926757812
  ],
  "avg_fitness_per_seed": [
    16.644404566049577
  ],
  "mean_best_fitness": 212.57424926757812,
  "mean_avg_fitness": 16.644404566049577
}