{
  "neural_hidden_size": 16,
  "weight_mutation_rate": 0.27508102662662093,
  "weight_mutation_magnitude": 0.10010189084339152,
  "mutation_rate": 0.5327409559332508,
  "mutation_magnitude": 0.3434046133525137,
  "cull_percentage": 0.47805461629928847,
  "selection_method": "truncation",
  "use_crossover": false,
  "use_proprioception": false,
  "min_nodes": 4,
  "max_nodes": 9,
  "max_muscles": 18,
  "neural_dead_zone": 0.06123238628828458,
  "neural_output_bias": -0.2400929352833976,
  "tournament_size": NaN,
  "crossover_rate": NaN,
  "proprioception_inputs": NaN
}