{
  "trial_number": 5,
  "params": {
    "neural_hidden_size": 8,
    "weight_mutation_rate": 0.1997714498590984,
    "weight_mutation_magnitude": 0.5689311559811301,
    "mutation_rate": 0.5590579675579597,
    "mutation_magnitude": 0.2504021286396606,
    "cull_percentage": 0.40058417303270794,
    "selection_method": "truncation",
    "use_crossover": true,
    "crossover_rate": 0.7541846592217272,
    "use_proprioception": false,
    "min_nodes": 4,
    "max_nodes": 11,
    "max_muscles": 19,
    "neural_dead_zone": 0.0926825576133573,
    "neural_output_bias": -0.1640129396401609
  },
  "best_fitness_per_seed": [
    203.26312255859375,
    202.98765563964844,
    209.61639404296875
  ],
  "avg_fitness_per_seed": [
    16.06532925918698,
    9.40744038361311,
    13.881797470450401
  ],
  "mean_best_fitness": 205.28905741373697,
  "mean_avg_fitness": 13.118189037750165,
  "generations": 150,
  "seeds": [
    42,
    123,
    456
  ]
}